year,month,zip,noise_count,pop_total,borough,noise_per_1000
2023,1,10301,257,39799.0,Staten Island,6.457448679615066
2023,1,10302,32,19693.0,Staten Island,1.6249428731021176
2023,1,10303,32,25993.0,Staten Island,1.2311006809525642
2023,1,10304,106,45843.0,Staten Island,2.312239600375194
2023,1,10305,45,41714.0,Staten Island,1.0787745121541927
2023,1,10306,123,57249.0,Staten Island,2.1485091442645285
2023,1,10307,26,14821.0,Staten Island,1.7542675932798055
2023,1,10308,52,29996.0,Staten Island,1.7335644752633685
2023,1,10309,21,,Staten Island,
2023,1,10310,48,25824.0,Staten Island,1.858736059479554
2023,1,10312,53,63345.0,Staten Island,0.8366879785302708
2023,1,10314,116,93539.0,Staten Island,1.2401244400731246
2023,1,11201,683,69251.0,Brooklyn,9.862673463199087
2023,1,11203,287,76853.0,Brooklyn,3.7344020402586757
2023,1,11204,113,81368.0,Brooklyn,1.388752335070298
2023,1,11205,153,50205.0,Brooklyn,3.047505228562892
2023,1,11206,409,89231.0,Brooklyn,4.583608835494391
2023,1,11207,512,93445.0,Brooklyn,5.479158863502596
2023,1,11208,264,106901.0,Brooklyn,2.4695746531837868
2023,1,11209,278,70756.0,Brooklyn,3.928995420883034
2023,1,11210,171,60398.0,Brooklyn,2.8312195768071793
2023,1,11211,376,65691.0,Brooklyn,5.723767334946949
2023,1,11212,370,87946.0,Brooklyn,4.207127100720896
2023,1,11213,315,69630.0,Brooklyn,4.523912106850495
2023,1,11214,209,88994.0,Brooklyn,2.348472930759377
2023,1,11215,258,70922.0,Brooklyn,3.637799272440146
2023,1,11216,496,59913.0,Brooklyn,8.278670739238564
2023,1,11217,281,42569.0,Brooklyn,6.601047710775447
2023,1,11218,227,71313.0,Brooklyn,3.1831503372456633
2023,1,11219,105,94737.0,Brooklyn,1.10833148611419
2023,1,11220,312,90792.0,Brooklyn,3.4364261168384878
2023,1,11221,630,90750.0,Brooklyn,6.9421487603305785
2023,1,11222,245,41418.0,Brooklyn,5.9153025254720175
2023,1,11223,281,78566.0,Brooklyn,3.5766107476516558
2023,1,11224,176,48469.0,Brooklyn,3.631186944232396
2023,1,11225,480,56544.0,Brooklyn,8.488964346349746
2023,1,11226,674,100022.0,Brooklyn,6.738517526144248
2023,1,11228,48,42325.0,Brooklyn,1.134081512108683
2023,1,11229,205,79802.0,Brooklyn,2.568857923360317
2023,1,11230,250,88252.0,Brooklyn,2.8327969904364774
2023,1,11231,384,39704.0,Brooklyn,9.671569615152125
2023,1,11232,147,26681.0,Brooklyn,5.509538622990142
2023,1,11233,292,82711.0,Brooklyn,3.530364764057985
2023,1,11234,189,87778.0,Brooklyn,2.153159105926314
2023,1,11235,220,81958.0,Brooklyn,2.6843017155128237
2023,1,11236,114,95174.0,Brooklyn,1.1978061235211297
2023,1,11237,379,45233.0,Brooklyn,8.378838458647447
2023,1,11238,348,58462.0,Brooklyn,5.95258458485854
2023,1,11239,46,16047.0,Brooklyn,2.8665794229450987
2023,1,11249,255,45353.0,Brooklyn,5.622560800829052
2023,2,10301,262,39799.0,Staten Island,6.583079976883842
2023,2,10302,32,19693.0,Staten Island,1.6249428731021176
2023,2,10303,36,25993.0,Staten Island,1.3849882660716348
2023,2,10304,156,45843.0,Staten Island,3.4029186571559453
2023,2,10305,42,41714.0,Staten Island,1.0068562113439132
2023,2,10306,82,57249.0,Staten Island,1.4323394295096858
2023,2,10307,27,14821.0,Staten Island,1.8217394237905675
2023,2,10308,47,29996.0,Staten Island,1.5668755834111214
2023,2,10309,37,,Staten Island,
2023,2,10310,58,25824.0,Staten Island,2.2459727385377946
2023,2,10312,66,63345.0,Staten Island,1.0419133317546767
2023,2,10314,165,93539.0,Staten Island,1.763970108724703
2023,2,11201,567,69251.0,Brooklyn,8.187607399171132
2023,2,11203,271,76853.0,Brooklyn,3.5262123794777045
2023,2,11204,101,81368.0,Brooklyn,1.2412742109920363
2023,2,11205,157,50205.0,Brooklyn,3.127178567871726
2023,2,11206,412,89231.0,Brooklyn,4.617229438199729
2023,2,11207,459,93445.0,Brooklyn,4.911980309272835
2023,2,11208,236,106901.0,Brooklyn,2.2076500687552034
2023,2,11209,238,70756.0,Brooklyn,3.3636723387415906
2023,2,11210,165,60398.0,Brooklyn,2.731878539024471
2023,2,11211,309,65691.0,Brooklyn,4.703840708772891
2023,2,11212,511,87946.0,Brooklyn,5.81038364450913
2023,2,11213,308,69630.0,Brooklyn,4.423380726698262
2023,2,11214,192,88994.0,Brooklyn,2.1574488167741643
2023,2,11215,206,70922.0,Brooklyn,2.904599419080116
2023,2,11216,439,59913.0,Brooklyn,7.327291238963163
2023,2,11217,281,42569.0,Brooklyn,6.601047710775447
2023,2,11218,218,71313.0,Brooklyn,3.056946138852664
2023,2,11219,100,94737.0,Brooklyn,1.0555537962992285
2023,2,11220,349,90792.0,Brooklyn,3.843951008899462
2023,2,11221,594,90750.0,Brooklyn,6.545454545454545
2023,2,11222,229,41418.0,Brooklyn,5.528997054420783
2023,2,11223,218,78566.0,Brooklyn,2.77473716365858
2023,2,11224,169,48469.0,Brooklyn,3.486764736223153
2023,2,11225,477,56544.0,Brooklyn,8.43590831918506
2023,2,11226,583,100022.0,Brooklyn,5.828717682109936
2023,2,11228,48,42325.0,Brooklyn,1.134081512108683
2023,2,11229,286,79802.0,Brooklyn,3.5838700784441495
2023,2,11230,230,88252.0,Brooklyn,2.606173231201559
2023,2,11231,380,39704.0,Brooklyn,9.570824098327623
2023,2,11232,113,26681.0,Brooklyn,4.235223567332559
2023,2,11233,268,82711.0,Brooklyn,3.2401977971491096
2023,2,11234,132,87778.0,Brooklyn,1.5037936612818703
2023,2,11235,212,81958.0,Brooklyn,2.5866907440396303
2023,2,11236,127,95174.0,Brooklyn,1.3343980498875745
2023,2,11237,381,45233.0,Brooklyn,8.423053965025534
2023,2,11238,513,58462.0,Brooklyn,8.774930724231124
2023,2,11239,38,16047.0,Brooklyn,2.3680438711285596
2023,2,11249,280,45353.0,Brooklyn,6.173792251890723
2023,3,10301,143,39799.0,Staten Island,3.593055101886982
2023,3,10302,44,19693.0,Staten Island,2.2342964505154117
2023,3,10303,41,25993.0,Staten Island,1.577347747470473
2023,3,10304,170,45843.0,Staten Island,3.7083087930545555
2023,3,10305,41,41714.0,Staten Island,0.9828834444071534
2023,3,10306,110,57249.0,Staten Island,1.921430942025188
2023,3,10307,47,14821.0,Staten Island,3.1711760340058026
2023,3,10308,15,29996.0,Staten Island,0.5000666755567409
2023,3,10309,27,,Staten Island,
2023,3,10310,76,25824.0,Staten Island,2.942998760842627
2023,3,10312,60,63345.0,Staten Island,0.947193937958797
2023,3,10314,158,93539.0,Staten Island,1.689135013203049
2023,3,11201,1163,69251.0,Brooklyn,16.79398131434925
2023,3,11203,292,76853.0,Brooklyn,3.799461309252729
2023,3,11204,219,81368.0,Brooklyn,2.6914757644282763
2023,3,11205,311,50205.0,Brooklyn,6.194602131261827
2023,3,11206,544,89231.0,Brooklyn,6.096535957234593
2023,3,11207,546,93445.0,Brooklyn,5.843009256782064
2023,3,11208,292,106901.0,Brooklyn,2.7314992376123706
2023,3,11209,287,70756.0,Brooklyn,4.056193114364859
2023,3,11210,232,60398.0,Brooklyn,3.841186794264711
2023,3,11211,440,65691.0,Brooklyn,6.698025604725153
2023,3,11212,488,87946.0,Brooklyn,5.548859527437291
2023,3,11213,287,69630.0,Brooklyn,4.121786586241563
2023,3,11214,208,88994.0,Brooklyn,2.3372362181720114
2023,3,11215,366,70922.0,Brooklyn,5.1605989678802064
2023,3,11216,466,59913.0,Brooklyn,7.777944686462036
2023,3,11217,276,42569.0,Brooklyn,6.48359134581503
2023,3,11218,286,71313.0,Brooklyn,4.010488971155329
2023,3,11219,125,94737.0,Brooklyn,1.3194422453740353
2023,3,11220,398,90792.0,Brooklyn,4.383646136223456
2023,3,11221,656,90750.0,Brooklyn,7.228650137741046
2023,3,11222,240,41418.0,Brooklyn,5.794582065768506
2023,3,11223,192,78566.0,Brooklyn,2.4438052083598505
2023,3,11224,256,48469.0,Brooklyn,5.28172646433803
2023,3,11225,486,56544.0,Brooklyn,8.595076400679117
2023,3,11226,725,100022.0,Brooklyn,7.248405350822819
2023,3,11228,42,42325.0,Brooklyn,0.9923213230950976
2023,3,11229,262,79802.0,Brooklyn,3.283125736197088
2023,3,11230,306,88252.0,Brooklyn,3.4673435162942483
2023,3,11231,551,39704.0,Brooklyn,13.877694942575056
2023,3,11232,116,26681.0,Brooklyn,4.347663131067051
2023,3,11233,347,82711.0,Brooklyn,4.1953307298908245
2023,3,11234,196,87778.0,Brooklyn,2.2329057394791407
2023,3,11235,267,81958.0,Brooklyn,3.2577661729178358
2023,3,11236,150,95174.0,Brooklyn,1.5760606888435917
2023,3,11237,406,45233.0,Brooklyn,8.97574779475162
2023,3,11238,1162,58462.0,Brooklyn,19.876158872429958
2023,3,11239,47,16047.0,Brooklyn,2.928896366922166
2023,3,11249,368,45353.0,Brooklyn,8.114126959627809
2023,3,11251,1,,Brooklyn,
2023,4,10301,257,39799.0,Staten Island,6.457448679615066
2023,4,10302,68,19693.0,Staten Island,3.4530036053419995
2023,4,10303,72,25993.0,Staten Island,2.7699765321432697
2023,4,10304,150,45843.0,Staten Island,3.272037170342255
2023,4,10305,92,41714.0,Staten Island,2.2054945581819054
2023,4,10306,125,57249.0,Staten Island,2.18344425230135
2023,4,10307,35,14821.0,Staten Island,2.3615140678766617
2023,4,10308,27,29996.0,Staten Island,0.9001200160021336
2023,4,10309,29,,Staten Island,
2023,4,10310,74,25824.0,Staten Island,2.865551425030979
2023,4,10312,78,63345.0,Staten Island,1.231352119346436
2023,4,10314,184,93539.0,Staten Island,1.9670939394263354
2023,4,11201,1147,69251.0,Brooklyn,16.562937719310913
2023,4,11203,307,76853.0,Brooklyn,3.99463911623489
2023,4,11204,244,81368.0,Brooklyn,2.9987218562579883
2023,4,11205,243,50205.0,Brooklyn,4.840155363011652
2023,4,11206,621,89231.0,Brooklyn,6.959464760004931
2023,4,11207,718,93445.0,Brooklyn,7.683664187489968
2023,4,11208,492,106901.0,Brooklyn,4.602389126387966
2023,4,11209,382,70756.0,Brooklyn,5.398835434450789
2023,4,11210,251,60398.0,Brooklyn,4.155766747243287
2023,4,11211,531,65691.0,Brooklyn,8.083299082066036
2023,4,11212,560,87946.0,Brooklyn,6.367543720010007
2023,4,11213,440,69630.0,Brooklyn,6.3191153238546605
2023,4,11214,261,88994.0,Brooklyn,2.93278198530238
2023,4,11215,403,70922.0,Brooklyn,5.682298863540227
2023,4,11216,628,59913.0,Brooklyn,10.481865371455276
2023,4,11217,457,42569.0,Brooklyn,10.735511757382133
2023,4,11218,293,71313.0,Brooklyn,4.1086477921276625
2023,4,11219,167,94737.0,Brooklyn,1.7627748398197114
2023,4,11220,420,90792.0,Brooklyn,4.625958234205657
2023,4,11221,905,90750.0,Brooklyn,9.97245179063361
2023,4,11222,352,41418.0,Brooklyn,8.498720363127143
2023,4,11223,276,78566.0,Brooklyn,3.512969987017285
2023,4,11224,210,48469.0,Brooklyn,4.332666240277291
2023,4,11225,600,56544.0,Brooklyn,10.611205432937181
2023,4,11226,815,100022.0,Brooklyn,8.148207394373237
2023,4,11228,76,42325.0,Brooklyn,1.795629060838748
2023,4,11229,239,79802.0,Brooklyn,2.9949124082103205
2023,4,11230,319,88252.0,Brooklyn,3.6146489597969453
2023,4,11231,459,39704.0,Brooklyn,11.560548055611527
2023,4,11232,208,26681.0,Brooklyn,7.795809752258161
2023,4,11233,479,82711.0,Brooklyn,5.79124904788964
2023,4,11234,229,87778.0,Brooklyn,2.608854154799608
2023,4,11235,345,81958.0,Brooklyn,4.209473144781473
2023,4,11236,156,95174.0,Brooklyn,1.6391031163973353
2023,4,11237,596,45233.0,Brooklyn,13.176220900669867
2023,4,11238,1150,58462.0,Brooklyn,19.67089733502104
2023,4,11239,44,16047.0,Brooklyn,2.741945534990964
2023,4,11249,397,45353.0,Brooklyn,8.753555442859348
2023,5,10301,216,39799.0,Staten Island,5.427272042011106
2023,5,10302,105,19693.0,Staten Island,5.331843802366323
2023,5,10303,88,25993.0,Staten Island,3.3855268726195513
2023,5,10304,167,45843.0,Staten Island,3.6428680496477104
2023,5,10305,139,41714.0,Staten Island,3.3322146042096175
2023,5,10306,135,57249.0,Staten Island,2.3581197924854584
2023,5,10307,56,14821.0,Staten Island,3.778422508602658
2023,5,10308,55,29996.0,Staten Island,1.8335778103747167
2023,5,10309,91,,Staten Island,
2023,5,10310,109,25824.0,Staten Island,4.22087980173482
2023,5,10312,90,63345.0,Staten Island,1.4207909069381957
2023,5,10314,237,93539.0,Staten Island,2.5337025198045735
2023,5,11201,1290,69251.0,Brooklyn,18.627889849966063
2023,5,11203,383,76853.0,Brooklyn,4.983540004944505
2023,5,11204,308,81368.0,Brooklyn,3.785271851342051
2023,5,11205,289,50205.0,Brooklyn,5.75639876506324
2023,5,11206,833,89231.0,Brooklyn,9.335320684515471
2023,5,11207,881,93445.0,Brooklyn,9.428005778800364
2023,5,11208,718,106901.0,Brooklyn,6.7164947007043905
2023,5,11209,335,70756.0,Brooklyn,4.734580812934593
2023,5,11210,273,60398.0,Brooklyn,4.520017219113216
2023,5,11211,763,65691.0,Brooklyn,11.614985310012026
2023,5,11212,583,87946.0,Brooklyn,6.629067837081846
2023,5,11213,494,69630.0,Brooklyn,7.094643113600459
2023,5,11214,250,88994.0,Brooklyn,2.80917814684136
2023,5,11215,488,70922.0,Brooklyn,6.880798623840275
2023,5,11216,840,59913.0,Brooklyn,14.020329477742727
2023,5,11217,588,42569.0,Brooklyn,13.812868519345063
2023,5,11218,409,71313.0,Brooklyn,5.735279682526327
2023,5,11219,229,94737.0,Brooklyn,2.4172181935252333
2023,5,11220,522,90792.0,Brooklyn,5.749405233941316
2023,5,11221,1033,90750.0,Brooklyn,11.382920110192837
2023,5,11222,443,41418.0,Brooklyn,10.695832729731034
2023,5,11223,315,78566.0,Brooklyn,4.00936791996538
2023,5,11224,313,48469.0,Brooklyn,6.457735872413295
2023,5,11225,622,56544.0,Brooklyn,11.000282965478211
2023,5,11226,1024,100022.0,Brooklyn,10.23774769550699
2023,5,11228,76,42325.0,Brooklyn,1.795629060838748
2023,5,11229,329,79802.0,Brooklyn,4.122703691636801
2023,5,11230,378,88252.0,Brooklyn,4.283189049539954
2023,5,11231,568,39704.0,Brooklyn,14.305863389079185
2023,5,11232,327,26681.0,Brooklyn,12.255912447059705
2023,5,11233,705,82711.0,Brooklyn,8.523654652948217
2023,5,11234,353,87778.0,Brooklyn,4.021508806306819
2023,5,11235,346,81958.0,Brooklyn,4.221674516215622
2023,5,11236,280,95174.0,Brooklyn,2.941979952508038
2023,5,11237,888,45233.0,Brooklyn,19.631684831870537
2023,5,11238,1256,58462.0,Brooklyn,21.484040915466455
2023,5,11239,47,16047.0,Brooklyn,2.928896366922166
2023,5,11249,475,45353.0,Brooklyn,10.473397570171764
2023,6,10301,242,39799.0,Staten Island,6.0805547878087385
2023,6,10302,78,19693.0,Staten Island,3.960798253186412
2023,6,10303,116,25993.0,Staten Island,4.462739968453046
2023,6,10304,159,45843.0,Staten Island,3.4683594005627905
2023,6,10305,145,41714.0,Staten Island,3.476051205830177
2023,6,10306,179,57249.0,Staten Island,3.126692169295534
2023,6,10307,80,14821.0,Staten Island,5.39774644086094
2023,6,10308,65,29996.0,Staten Island,2.1669555940792105
2023,6,10309,75,,Staten Island,
2023,6,10310,107,25824.0,Staten Island,4.143432465923173
2023,6,10312,129,63345.0,Staten Island,2.0364669666114135
2023,6,10314,221,93539.0,Staten Island,2.3626508728979356
2023,6,11201,1142,69251.0,Brooklyn,16.49073659586143
2023,6,11203,442,76853.0,Brooklyn,5.751239379074337
2023,6,11204,193,81368.0,Brooklyn,2.371939828925376
2023,6,11205,266,50205.0,Brooklyn,5.298277064037447
2023,6,11206,735,89231.0,Brooklyn,8.237047662807768
2023,6,11207,1010,93445.0,Brooklyn,10.808496976831291
2023,6,11208,826,106901.0,Brooklyn,7.726775240643212
2023,6,11209,437,70756.0,Brooklyn,6.176154672395274
2023,6,11210,336,60398.0,Brooklyn,5.563098115831649
2023,6,11211,653,65691.0,Brooklyn,9.940478908830737
2023,6,11212,550,87946.0,Brooklyn,6.253837582152684
2023,6,11213,490,69630.0,Brooklyn,7.037196610656327
2023,6,11214,215,88994.0,Brooklyn,2.41589320628357
2023,6,11215,338,70922.0,Brooklyn,4.765799046840191
2023,6,11216,758,59913.0,Brooklyn,12.651678266820223
2023,6,11217,446,42569.0,Brooklyn,10.477107754469214
2023,6,11218,222,71313.0,Brooklyn,3.1130368936939967
2023,6,11219,202,94737.0,Brooklyn,2.1322186685244415
2023,6,11220,472,90792.0,Brooklyn,5.198695920345405
2023,6,11221,1087,90750.0,Brooklyn,11.977961432506886
2023,6,11222,468,41418.0,Brooklyn,11.299435028248588
2023,6,11223,386,78566.0,Brooklyn,4.9130667209734495
2023,6,11224,375,48469.0,Brooklyn,7.736904000495162
2023,6,11225,559,56544.0,Brooklyn,9.886106395019807
2023,6,11226,1083,100022.0,Brooklyn,10.827617924056707
2023,6,11228,94,42325.0,Brooklyn,2.2209096278795037
2023,6,11229,288,79802.0,Brooklyn,3.6089321069647378
2023,6,11230,302,88252.0,Brooklyn,3.4220187644472646
2023,6,11231,499,39704.0,Brooklyn,12.56800322385654
2023,6,11232,353,26681.0,Brooklyn,13.230388666091976
2023,6,11233,529,82711.0,Brooklyn,6.39576356228313
2023,6,11234,329,87778.0,Brooklyn,3.748091776982843
2023,6,11235,387,81958.0,Brooklyn,4.72193074501574
2023,6,11236,353,95174.0,Brooklyn,3.708996154411919
2023,6,11237,839,45233.0,Brooklyn,18.54840492560741
2023,6,11238,1205,58462.0,Brooklyn,20.611679381478567
2023,6,11239,55,16047.0,Brooklyn,3.427431918738705
2023,6,11241,1,,Brooklyn,
2023,6,11242,1,,Brooklyn,
2023,6,11249,572,45353.0,Brooklyn,12.612175600291051
2023,7,10301,196,39799.0,Staten Island,4.9247468529360034
2023,7,10302,84,19693.0,Staten Island,4.265475041893059
2023,7,10303,91,25993.0,Staten Island,3.5009425614588543
2023,7,10304,180,45843.0,Staten Island,3.926444604410706
2023,7,10305,132,41714.0,Staten Island,3.164405235652299
2023,7,10306,150,57249.0,Staten Island,2.62013310276162
2023,7,10307,55,14821.0,Staten Island,3.710950678091897
2023,7,10308,54,29996.0,Staten Island,1.8002400320042673
2023,7,10309,131,,Staten Island,
2023,7,10310,87,25824.0,Staten Island,3.3689591078066914
2023,7,10312,90,63345.0,Staten Island,1.4207909069381957
2023,7,10314,212,93539.0,Staten Island,2.266434321512952
2023,7,11201,690,69251.0,Brooklyn,9.96375503602836
2023,7,11203,507,76853.0,Brooklyn,6.597009875997034
2023,7,11204,107,81368.0,Brooklyn,1.315013273031167
2023,7,11205,168,50205.0,Brooklyn,3.3462802509710188
2023,7,11206,594,89231.0,Brooklyn,6.656879335656891
2023,7,11207,1010,93445.0,Brooklyn,10.808496976831291
2023,7,11208,925,106901.0,Brooklyn,8.652865735587133
2023,7,11209,294,70756.0,Brooklyn,4.1551246537396125
2023,7,11210,241,60398.0,Brooklyn,3.990198350938773
2023,7,11211,625,65691.0,Brooklyn,9.514240915802773
2023,7,11212,619,87946.0,Brooklyn,7.038409933368203
2023,7,11213,388,69630.0,Brooklyn,5.572310785580928
2023,7,11214,176,88994.0,Brooklyn,1.9776614153763175
2023,7,11215,184,70922.0,Brooklyn,2.594399481120104
2023,7,11216,769,59913.0,Brooklyn,12.835277819504949
2023,7,11217,279,42569.0,Brooklyn,6.55406516479128
2023,7,11218,195,71313.0,Brooklyn,2.734424298514997
2023,7,11219,114,94737.0,Brooklyn,1.2033313277811204
2023,7,11220,469,90792.0,Brooklyn,5.1656533615296505
2023,7,11221,967,90750.0,Brooklyn,10.65564738292011
2023,7,11222,272,41418.0,Brooklyn,6.567193007870974
2023,7,11223,278,78566.0,Brooklyn,3.5384262912710334
2023,7,11224,346,48469.0,Brooklyn,7.138583424456869
2023,7,11225,408,56544.0,Brooklyn,7.215619694397283
2023,7,11226,965,100022.0,Brooklyn,9.647877466957269
2023,7,11228,104,42325.0,Brooklyn,2.457176609568813
2023,7,11229,285,79802.0,Brooklyn,3.571339064183855
2023,7,11230,200,88252.0,Brooklyn,2.266237592349182
2023,7,11231,203,39704.0,Brooklyn,5.112834978843441
2023,7,11232,323,26681.0,Brooklyn,12.105993028747049
2023,7,11233,508,82711.0,Brooklyn,6.141867466237865
2023,7,11234,423,87778.0,Brooklyn,4.818975141835084
2023,7,11235,352,81958.0,Brooklyn,4.294882744820518
2023,7,11236,386,95174.0,Brooklyn,4.055729505957509
2023,7,11237,743,45233.0,Brooklyn,16.426060619459243
2023,7,11238,543,58462.0,Brooklyn,9.288084567753412
2023,7,11239,29,16047.0,Brooklyn,1.8071913753349536
2023,7,11241,1,,Brooklyn,
2023,7,11249,436,45353.0,Brooklyn,9.613476506515557
2023,8,10301,343,39799.0,Staten Island,8.618306992638006
2023,8,10302,79,19693.0,Staten Island,4.0115777179708525
2023,8,10303,83,25993.0,Staten Island,3.193167391220713
2023,8,10304,184,45843.0,Staten Island,4.013698928953167
2023,8,10305,156,41714.0,Staten Island,3.739751642134535
2023,8,10306,146,57249.0,Staten Island,2.5502628866879773
2023,8,10307,96,14821.0,Staten Island,6.477295729033128
2023,8,10308,66,29996.0,Staten Island,2.20029337244966
2023,8,10309,83,,Staten Island,
2023,8,10310,69,25824.0,Staten Island,2.6719330855018586
2023,8,10312,123,63345.0,Staten Island,1.941747572815534
2023,8,10314,173,93539.0,Staten Island,1.849495932178022
2023,8,11201,953,69251.0,Brooklyn,13.761534129471054
2023,8,11203,496,76853.0,Brooklyn,6.453879484210115
2023,8,11204,215,81368.0,Brooklyn,2.6423163897355226
2023,8,11205,202,50205.0,Brooklyn,4.023503635096106
2023,8,11206,685,89231.0,Brooklyn,7.676704284385472
2023,8,11207,913,93445.0,Brooklyn,9.770453207769275
2023,8,11208,838,106901.0,Brooklyn,7.839028633969748
2023,8,11209,332,70756.0,Brooklyn,4.692181581773984
2023,8,11210,285,60398.0,Brooklyn,4.718699294678632
2023,8,11211,498,65691.0,Brooklyn,7.58094716171165
2023,8,11212,674,87946.0,Brooklyn,7.6637936915834715
2023,8,11213,417,69630.0,Brooklyn,5.988797931925894
2023,8,11214,213,88994.0,Brooklyn,2.393419781108839
2023,8,11215,234,70922.0,Brooklyn,3.299399340120132
2023,8,11216,734,59913.0,Brooklyn,12.251097424599003
2023,8,11217,384,42569.0,Brooklyn,9.020648828960041
2023,8,11218,240,71313.0,Brooklyn,3.3654452904799967
2023,8,11219,201,94737.0,Brooklyn,2.121663130561449
2023,8,11220,482,90792.0,Brooklyn,5.308837783064587
2023,8,11221,1040,90750.0,Brooklyn,11.460055096418733
2023,8,11222,370,41418.0,Brooklyn,8.93331401805978
2023,8,11223,269,78566.0,Brooklyn,3.4238729221291653
2023,8,11224,401,48469.0,Brooklyn,8.273329344529493
2023,8,11225,489,56544.0,Brooklyn,8.648132427843803
2023,8,11226,1094,100022.0,Brooklyn,10.937593729379536
2023,8,11228,65,42325.0,Brooklyn,1.5357353809805079
2023,8,11229,363,79802.0,Brooklyn,4.548758176486805
2023,8,11230,211,88252.0,Brooklyn,2.3908806599283867
2023,8,11231,348,39704.0,Brooklyn,8.764859963731613
2023,8,11232,256,26681.0,Brooklyn,9.594842772010045
2023,8,11233,573,82711.0,Brooklyn,6.927736334949402
2023,8,11234,388,87778.0,Brooklyn,4.420241974070952
2023,8,11235,336,81958.0,Brooklyn,4.09966080187413
2023,8,11236,298,95174.0,Brooklyn,3.1311072351692686
2023,8,11237,606,45233.0,Brooklyn,13.397298432560298
2023,8,11238,584,58462.0,Brooklyn,9.989394820567206
2023,8,11239,33,16047.0,Brooklyn,2.0564591512432226
2023,8,11249,361,45353.0,Brooklyn,7.959782153330542
2023,9,10301,215,39799.0,Staten Island,5.402145782557351
2023,9,10302,94,19693.0,Staten Island,4.773269689737471
2023,9,10303,73,25993.0,Staten Island,2.808448428423037
2023,9,10304,167,45843.0,Staten Island,3.6428680496477104
2023,9,10305,149,41714.0,Staten Island,3.5719422735772164
2023,9,10306,119,57249.0,Staten Island,2.0786389281908857
2023,9,10307,42,14821.0,Staten Island,2.8338168814519937
2023,9,10308,59,29996.0,Staten Island,1.966928923856514
2023,9,10309,64,,Staten Island,
2023,9,10310,97,25824.0,Staten Island,3.756195786864932
2023,9,10312,85,63345.0,Staten Island,1.3418580787749625
2023,9,10314,236,93539.0,Staten Island,2.523011791872909
2023,9,11201,686,69251.0,Brooklyn,9.905994137268776
2023,9,11203,539,76853.0,Brooklyn,7.013389197558976
2023,9,11204,261,81368.0,Brooklyn,3.2076491987021925
2023,9,11205,222,50205.0,Brooklyn,4.4218703316402745
2023,9,11206,618,89231.0,Brooklyn,6.9258441572995935
2023,9,11207,800,93445.0,Brooklyn,8.561185724222806
2023,9,11208,729,106901.0,Brooklyn,6.8193936445870476
2023,9,11209,329,70756.0,Brooklyn,4.649782350613376
2023,9,11210,266,60398.0,Brooklyn,4.404119341700056
2023,9,11211,597,65691.0,Brooklyn,9.088002922774809
2023,9,11212,547,87946.0,Brooklyn,6.2197257407954885
2023,9,11213,467,69630.0,Brooklyn,6.70687921872756
2023,9,11214,229,88994.0,Brooklyn,2.573207182506686
2023,9,11215,248,70922.0,Brooklyn,3.49679930064014
2023,9,11216,704,59913.0,Brooklyn,11.750371371822476
2023,9,11217,277,42569.0,Brooklyn,6.507082618807114
2023,9,11218,241,71313.0,Brooklyn,3.37946797919033
2023,9,11219,138,94737.0,Brooklyn,1.4566642388929352
2023,9,11220,419,90792.0,Brooklyn,4.614944047933739
2023,9,11221,966,90750.0,Brooklyn,10.644628099173554
2023,9,11222,413,41418.0,Brooklyn,9.971509971509972
2023,9,11223,266,78566.0,Brooklyn,3.3856884657485424
2023,9,11224,372,48469.0,Brooklyn,7.6750087684912005
2023,9,11225,713,56544.0,Brooklyn,12.609649122807017
2023,9,11226,1211,100022.0,Brooklyn,12.107336385995081
2023,9,11228,74,42325.0,Brooklyn,1.748375664500886
2023,9,11229,413,79802.0,Brooklyn,5.175308889501516
2023,9,11230,254,88252.0,Brooklyn,2.8781217422834606
2023,9,11231,215,39704.0,Brooklyn,5.415071529316946
2023,9,11232,351,26681.0,Brooklyn,13.155428956935648
2023,9,11233,508,82711.0,Brooklyn,6.141867466237865
2023,9,11234,330,87778.0,Brooklyn,3.7594841532046757
2023,9,11235,303,81958.0,Brooklyn,3.697015544547207
2023,9,11236,385,95174.0,Brooklyn,4.045222434698553
2023,9,11237,882,45233.0,Brooklyn,19.49903831273628
2023,9,11238,645,58462.0,Brooklyn,11.032807635729192
2023,9,11239,40,16047.0,Brooklyn,2.4926777590826945
2023,9,11249,521,45353.0,Brooklyn,11.48766344012524
2023,9,11251,1,,Brooklyn,
2023,10,10301,212,39799.0,Staten Island,5.326767004196085
2023,10,10302,101,19693.0,Staten Island,5.128725943228559
2023,10,10303,77,25993.0,Staten Island,2.9623360135421075
2023,10,10304,213,45843.0,Staten Island,4.646292781886002
2023,10,10305,141,41714.0,Staten Island,3.3801601380831374
2023,10,10306,168,57249.0,Staten Island,2.9345490750930145
2023,10,10307,64,14821.0,Staten Island,4.318197152688753
2023,10,10308,57,29996.0,Staten Island,1.9002533671156154
2023,10,10309,90,,Staten Island,
2023,10,10310,86,25824.0,Staten Island,3.3302354399008673
2023,10,10312,81,63345.0,Staten Island,1.278711816244376
2023,10,10314,234,93539.0,Staten Island,2.501630336009579
2023,10,11201,743,69251.0,Brooklyn,10.729086944592858
2023,10,11203,409,76853.0,Brooklyn,5.321848203713583
2023,10,11204,216,81368.0,Brooklyn,2.6546062334087113
2023,10,11205,290,50205.0,Brooklyn,5.7763170998904485
2023,10,11206,761,89231.0,Brooklyn,8.528426219587363
2023,10,11207,581,93445.0,Brooklyn,6.2175611322168125
2023,10,11208,499,106901.0,Brooklyn,4.667870272495112
2023,10,11209,410,70756.0,Brooklyn,5.794561591949799
2023,10,11210,236,60398.0,Brooklyn,3.9074141527865156
2023,10,11211,702,65691.0,Brooklyn,10.686395396629674
2023,10,11212,500,87946.0,Brooklyn,5.685306892866078
2023,10,11213,393,69630.0,Brooklyn,5.644118914261094
2023,10,11214,257,88994.0,Brooklyn,2.887835134952918
2023,10,11215,345,70922.0,Brooklyn,4.864499027100195
2023,10,11216,606,59913.0,Brooklyn,10.114666266085825
2023,10,11217,394,42569.0,Brooklyn,9.255561558880876
2023,10,11218,254,71313.0,Brooklyn,3.561762932424663
2023,10,11219,148,94737.0,Brooklyn,1.562219618522858
2023,10,11220,443,90792.0,Brooklyn,4.879284518459777
2023,10,11221,1087,90750.0,Brooklyn,11.977961432506886
2023,10,11222,485,41418.0,Brooklyn,11.709884591240524
2023,10,11223,345,78566.0,Brooklyn,4.391212483771606
2023,10,11224,413,48469.0,Brooklyn,8.520910272545338
2023,10,11225,644,56544.0,Brooklyn,11.389360498019242
2023,10,11226,1101,100022.0,Brooklyn,11.007578332766792
2023,10,11228,71,42325.0,Brooklyn,1.6774955699940934
2023,10,11229,432,79802.0,Brooklyn,5.413398160447107
2023,10,11230,359,88252.0,Brooklyn,4.067896478266782
2023,10,11231,304,39704.0,Brooklyn,7.656659278662099
2023,10,11232,348,26681.0,Brooklyn,13.042989393201154
2023,10,11233,497,82711.0,Brooklyn,6.008874273071297
2023,10,11234,216,87778.0,Brooklyn,2.460753263915788
2023,10,11235,304,81958.0,Brooklyn,3.709216915981356
2023,10,11236,200,95174.0,Brooklyn,2.1014142517914554
2023,10,11237,726,45233.0,Brooklyn,16.050228815245507
2023,10,11238,571,58462.0,Brooklyn,9.767028155040881
2023,10,11239,52,16047.0,Brooklyn,3.240481086807503
2023,10,11241,1,,Brooklyn,
2023,10,11242,5,,Brooklyn,
2023,10,11249,434,45353.0,Brooklyn,9.569377990430622
2023,10,11251,1,,Brooklyn,
2023,11,10301,145,39799.0,Staten Island,3.6433076207944923
2023,11,10302,26,19693.0,Staten Island,1.3202660843954706
2023,11,10303,38,25993.0,Staten Island,1.46193205863117
2023,11,10304,187,45843.0,Staten Island,4.079139672360011
2023,11,10305,98,41714.0,Staten Island,2.3493311598024644
2023,11,10306,107,57249.0,Staten Island,1.8690282799699558
2023,11,10307,36,14821.0,Staten Island,2.4289858983874235
2023,11,10308,15,29996.0,Staten Island,0.5000666755567409
2023,11,10309,27,,Staten Island,
2023,11,10310,66,25824.0,Staten Island,2.5557620817843865
2023,11,10312,47,63345.0,Staten Island,0.7419685847343911
2023,11,10314,146,93539.0,Staten Island,1.5608462780230705
2023,11,11201,991,69251.0,Brooklyn,14.310262667687109
2023,11,11203,297,76853.0,Brooklyn,3.8645205782467826
2023,11,11204,103,81368.0,Brooklyn,1.265853898338413
2023,11,11205,209,50205.0,Brooklyn,4.162931978886565
2023,11,11206,518,89231.0,Brooklyn,5.805157400454999
2023,11,11207,439,93445.0,Brooklyn,4.697950666167264
2023,11,11208,355,106901.0,Brooklyn,3.3208295525766833
2023,11,11209,330,70756.0,Brooklyn,4.663915427666912
2023,11,11210,213,60398.0,Brooklyn,3.526606841286135
2023,11,11211,409,65691.0,Brooklyn,6.226119255301335
2023,11,11212,423,87946.0,Brooklyn,4.809769631364701
2023,11,11213,337,69630.0,Brooklyn,4.839867873043228
2023,11,11214,192,88994.0,Brooklyn,2.1574488167741643
2023,11,11215,227,70922.0,Brooklyn,3.200699359860128
2023,11,11216,361,59913.0,Brooklyn,6.025403501744196
2023,11,11217,291,42569.0,Brooklyn,6.835960440696281
2023,11,11218,181,71313.0,Brooklyn,2.5381066565703305
2023,11,11219,122,94737.0,Brooklyn,1.2877756314850586
2023,11,11220,288,90792.0,Brooklyn,3.1720856463124503
2023,11,11221,784,90750.0,Brooklyn,8.639118457300276
2023,11,11222,331,41418.0,Brooklyn,7.991694432372399
2023,11,11223,256,78566.0,Brooklyn,3.2584069444798005
2023,11,11224,180,48469.0,Brooklyn,3.713713920237678
2023,11,11225,460,56544.0,Brooklyn,8.135257498585172
2023,11,11226,718,100022.0,Brooklyn,7.178420747435564
2023,11,11228,65,42325.0,Brooklyn,1.5357353809805079
2023,11,11229,457,79802.0,Brooklyn,5.726673516954462
2023,11,11230,280,88252.0,Brooklyn,3.1727326292888547
2023,11,11231,411,39704.0,Brooklyn,10.35160185371751
2023,11,11232,214,26681.0,Brooklyn,8.020688879727146
2023,11,11233,372,82711.0,Brooklyn,4.497587987087569
2023,11,11234,173,87778.0,Brooklyn,1.9708810863769965
2023,11,11235,271,81958.0,Brooklyn,3.3065716586544327
2023,11,11236,152,95174.0,Brooklyn,1.5970748313615064
2023,11,11237,466,45233.0,Brooklyn,10.302212986094224
2023,11,11238,743,58462.0,Brooklyn,12.709110191235332
2023,11,11239,88,16047.0,Brooklyn,5.483891069981928
2023,11,11241,2,,Brooklyn,
2023,11,11242,4,,Brooklyn,
2023,11,11249,269,45353.0,Brooklyn,5.931250413423589
2023,11,11251,1,,Brooklyn,
2023,12,10301,157,39799.0,Staten Island,3.9448227342395534
2023,12,10302,44,19693.0,Staten Island,2.2342964505154117
2023,12,10303,48,25993.0,Staten Island,1.8466510214288463
2023,12,10304,146,45843.0,Staten Island,3.184782845799795
2023,12,10305,61,41714.0,Staten Island,1.4623387831423502
2023,12,10306,121,57249.0,Staten Island,2.113574036227707
2023,12,10307,65,14821.0,Staten Island,4.385668983199515
2023,12,10308,24,29996.0,Staten Island,0.8001066808907854
2023,12,10309,31,,Staten Island,
2023,12,10310,73,25824.0,Staten Island,2.8268277571251548
2023,12,10312,59,63345.0,Staten Island,0.9314073723261505
2023,12,10314,216,93539.0,Staten Island,2.3091972332396113
2023,12,11201,1184,69251.0,Brooklyn,17.09722603283707
2023,12,11203,355,76853.0,Brooklyn,4.619208098577804
2023,12,11204,150,81368.0,Brooklyn,1.8434765509782716
2023,12,11205,194,50205.0,Brooklyn,3.864156956478438
2023,12,11206,458,89231.0,Brooklyn,5.1327453463482415
2023,12,11207,653,93445.0,Brooklyn,6.988067847396864
2023,12,11208,437,106901.0,Brooklyn,4.087894406974677
2023,12,11209,391,70756.0,Brooklyn,5.526033127932614
2023,12,11210,199,60398.0,Brooklyn,3.294811086459817
2023,12,11211,390,65691.0,Brooklyn,5.93688633146093
2023,12,11212,413,87946.0,Brooklyn,4.6960634935073795
2023,12,11213,329,69630.0,Brooklyn,4.7249748671549625
2023,12,11214,162,88994.0,Brooklyn,1.8203474391532013
2023,12,11215,202,70922.0,Brooklyn,2.848199430360114
2023,12,11216,374,59913.0,Brooklyn,6.24238479128069
2023,12,11217,465,42569.0,Brooklyn,10.9234419413188
2023,12,11218,166,71313.0,Brooklyn,2.327766325915331
2023,12,11219,154,94737.0,Brooklyn,1.6255528463008118
2023,12,11220,249,90792.0,Brooklyn,2.742532381707639
2023,12,11221,733,90750.0,Brooklyn,8.077134986225897
2023,12,11222,285,41418.0,Brooklyn,6.881066203100102
2023,12,11223,260,78566.0,Brooklyn,3.309319552987297
2023,12,11224,135,48469.0,Brooklyn,2.7852854401782583
2023,12,11225,478,56544.0,Brooklyn,8.453593661573288
2023,12,11226,744,100022.0,Brooklyn,7.438363560016795
2023,12,11228,60,42325.0,Brooklyn,1.4176018901358536
2023,12,11229,490,79802.0,Brooklyn,6.140196987544172
2023,12,11230,352,88252.0,Brooklyn,3.98857816253456
2023,12,11231,754,39704.0,Brooklyn,18.990529921418496
2023,12,11232,252,26681.0,Brooklyn,9.444923353697389
2023,12,11233,429,82711.0,Brooklyn,5.186734533496149
2023,12,11234,187,87778.0,Brooklyn,2.1303743534826496
2023,12,11235,262,81958.0,Brooklyn,3.19675931574709
2023,12,11236,173,95174.0,Brooklyn,1.8177233277996092
2023,12,11237,464,45233.0,Brooklyn,10.257997479716137
2023,12,11238,1201,58462.0,Brooklyn,20.54325886900893
2023,12,11239,68,16047.0,Brooklyn,4.2375521904405815
2023,12,11241,1,,Brooklyn,
2023,12,11249,348,45353.0,Brooklyn,7.673141798778471
2024,1,10301,122,39799.0,Staten Island,3.0654036533581244
2024,1,10302,34,19693.0,Staten Island,1.7265018026709997
2024,1,10303,38,25993.0,Staten Island,1.46193205863117
2024,1,10304,124,45843.0,Staten Island,2.7048840608162643
2024,1,10305,37,41714.0,Staten Island,0.8869923766601141
2024,1,10306,71,57249.0,Staten Island,1.2401963353071668
2024,1,10307,24,14821.0,Staten Island,1.619323932258282
2024,1,10308,8,29996.0,Staten Island,0.2667022269635952
2024,1,10309,30,,Staten Island,
2024,1,10310,45,25824.0,Staten Island,1.7425650557620818
2024,1,10312,47,63345.0,Staten Island,0.7419685847343911
2024,1,10314,183,93539.0,Staten Island,1.9564032114946706
2024,1,11201,782,69251.0,Brooklyn,11.292255707498809
2024,1,11203,265,76853.0,Brooklyn,3.44814125668484
2024,1,11204,88,81368.0,Brooklyn,1.081506243240586
2024,1,11205,185,50205.0,Brooklyn,3.6848919430335623
2024,1,11206,404,89231.0,Brooklyn,4.527574497652161
2024,1,11207,823,93445.0,Brooklyn,8.80731981379421
2024,1,11208,335,106901.0,Brooklyn,3.1337405636991233
2024,1,11209,284,70756.0,Brooklyn,4.013793883204251
2024,1,11210,143,60398.0,Brooklyn,2.3676280671545418
2024,1,11211,383,65691.0,Brooklyn,5.830326833203939
2024,1,11212,370,87946.0,Brooklyn,4.207127100720896
2024,1,11213,364,69630.0,Brooklyn,5.227631767916129
2024,1,11214,177,88994.0,Brooklyn,1.9888981279636828
2024,1,11215,244,70922.0,Brooklyn,3.4403993119201375
2024,1,11216,376,59913.0,Brooklyn,6.2757665281324595
2024,1,11217,220,42569.0,Brooklyn,5.168080058258357
2024,1,11218,167,71313.0,Brooklyn,2.341789014625664
2024,1,11219,97,94737.0,Brooklyn,1.0238871824102516
2024,1,11220,291,90792.0,Brooklyn,3.205128205128205
2024,1,11221,632,90750.0,Brooklyn,6.964187327823691
2024,1,11222,242,41418.0,Brooklyn,5.842870249649911
2024,1,11223,212,78566.0,Brooklyn,2.698368250897335
2024,1,11224,145,48469.0,Brooklyn,2.9916028801914627
2024,1,11225,366,56544.0,Brooklyn,6.4728353140916814
2024,1,11226,622,100022.0,Brooklyn,6.218631900981784
2024,1,11228,31,42325.0,Brooklyn,0.7324276432368577
2024,1,11229,444,79802.0,Brooklyn,5.5637703315706375
2024,1,11230,310,88252.0,Brooklyn,3.512668268141232
2024,1,11231,187,39704.0,Brooklyn,4.709852911545436
2024,1,11232,150,26681.0,Brooklyn,5.621978186724635
2024,1,11233,322,82711.0,Brooklyn,3.8930734726940797
2024,1,11234,148,87778.0,Brooklyn,1.6860716808311877
2024,1,11235,216,81958.0,Brooklyn,2.6354962297762268
2024,1,11236,159,95174.0,Brooklyn,1.6706243301742074
2024,1,11237,401,45233.0,Brooklyn,8.865209028806403
2024,1,11238,226,58462.0,Brooklyn,3.865758954534569
2024,1,11239,89,16047.0,Brooklyn,5.546208013958996
2024,1,11249,212,45353.0,Brooklyn,4.674442705002977
2024,2,10301,140,39799.0,Staten Island,3.5176763235257167
2024,2,10302,30,19693.0,Staten Island,1.5233839435332353
2024,2,10303,37,25993.0,Staten Island,1.4234601623514023
2024,2,10304,116,45843.0,Staten Island,2.530375411731344
2024,2,10305,51,41714.0,Staten Island,1.222611113774752
2024,2,10306,88,57249.0,Staten Island,1.5371447536201506
2024,2,10307,31,14821.0,Staten Island,2.0916267458336146
2024,2,10308,16,29996.0,Staten Island,0.5334044539271904
2024,2,10309,44,,Staten Island,
2024,2,10310,56,25824.0,Staten Island,2.1685254027261465
2024,2,10312,61,63345.0,Staten Island,0.9629805035914437
2024,2,10314,152,93539.0,Staten Island,1.6249906456130598
2024,2,11201,655,69251.0,Brooklyn,9.458347171881993
2024,2,11203,292,76853.0,Brooklyn,3.799461309252729
2024,2,11204,125,81368.0,Brooklyn,1.5362304591485596
2024,2,11205,204,50205.0,Brooklyn,4.063340304750523
2024,2,11206,499,89231.0,Brooklyn,5.592226916654527
2024,2,11207,511,93445.0,Brooklyn,5.468457381347317
2024,2,11208,402,106901.0,Brooklyn,3.760488676438948
2024,2,11209,287,70756.0,Brooklyn,4.056193114364859
2024,2,11210,191,60398.0,Brooklyn,3.162356369416206
2024,2,11211,328,65691.0,Brooklyn,4.993073632613296
2024,2,11212,398,87946.0,Brooklyn,4.5255042867213975
2024,2,11213,325,69630.0,Brooklyn,4.6675283642108285
2024,2,11214,175,88994.0,Brooklyn,1.966424702788952
2024,2,11215,228,70922.0,Brooklyn,3.2147993570401288
2024,2,11216,295,59913.0,Brooklyn,4.923806185635838
2024,2,11217,207,42569.0,Brooklyn,4.862693509361272
2024,2,11218,182,71313.0,Brooklyn,2.552129345280664
2024,2,11219,165,94737.0,Brooklyn,1.7416637638937267
2024,2,11220,227,90792.0,Brooklyn,2.5002202837254384
2024,2,11221,569,90750.0,Brooklyn,6.269972451790634
2024,2,11222,262,41418.0,Brooklyn,6.325752088463953
2024,2,11223,233,78566.0,Brooklyn,2.9656594455616934
2024,2,11224,130,48469.0,Brooklyn,2.6821267201716563
2024,2,11225,541,56544.0,Brooklyn,9.567770232031693
2024,2,11226,609,100022.0,Brooklyn,6.088660494691168
2024,2,11228,76,42325.0,Brooklyn,1.795629060838748
2024,2,11229,497,79802.0,Brooklyn,6.227914087366232
2024,2,11230,255,88252.0,Brooklyn,2.889452930245207
2024,2,11231,140,39704.0,Brooklyn,3.526093088857546
2024,2,11232,183,26681.0,Brooklyn,6.858813387804055
2024,2,11233,293,82711.0,Brooklyn,3.542455054345855
2024,2,11234,160,87778.0,Brooklyn,1.822780195493176
2024,2,11235,178,81958.0,Brooklyn,2.171844115278557
2024,2,11236,130,95174.0,Brooklyn,1.3659192636644462
2024,2,11237,468,45233.0,Brooklyn,10.346428492472311
2024,2,11238,298,58462.0,Brooklyn,5.09732817898806
2024,2,11239,65,16047.0,Brooklyn,4.050601358509378
2024,2,11249,242,45353.0,Brooklyn,5.335920446276982
2024,3,10301,150,39799.0,Staten Island,3.768938918063268
2024,3,10302,45,19693.0,Staten Island,2.2850759152998523
2024,3,10303,55,25993.0,Staten Island,2.1159542953872195
2024,3,10304,156,45843.0,Staten Island,3.4029186571559453
2024,3,10305,64,41714.0,Staten Island,1.5342570839526297
2024,3,10306,106,57249.0,Staten Island,1.8515607259515452
2024,3,10307,40,14821.0,Staten Island,2.69887322043047
2024,3,10308,33,29996.0,Staten Island,1.10014668622483
2024,3,10309,45,,Staten Island,
2024,3,10310,56,25824.0,Staten Island,2.1685254027261465
2024,3,10312,41,63345.0,Staten Island,0.6472491909385113
2024,3,10314,248,93539.0,Staten Island,2.651300527052887
2024,3,11201,733,69251.0,Brooklyn,10.584684697693897
2024,3,11203,317,76853.0,Brooklyn,4.124757654222997
2024,3,11204,165,81368.0,Brooklyn,2.0278242060760987
2024,3,11205,265,50205.0,Brooklyn,5.278358729210238
2024,3,11206,684,89231.0,Brooklyn,7.665497416817026
2024,3,11207,952,93445.0,Brooklyn,10.187811011825138
2024,3,11208,503,106901.0,Brooklyn,4.705288070270624
2024,3,11209,261,70756.0,Brooklyn,3.688733110972921
2024,3,11210,243,60398.0,Brooklyn,4.023312030199675
2024,3,11211,448,65691.0,Brooklyn,6.8198078884474285
2024,3,11212,515,87946.0,Brooklyn,5.85586609965206
2024,3,11213,392,69630.0,Brooklyn,5.62975728852506
2024,3,11214,255,88994.0,Brooklyn,2.8653617097781874
2024,3,11215,199,70922.0,Brooklyn,2.8058994388201124
2024,3,11216,374,59913.0,Brooklyn,6.24238479128069
2024,3,11217,324,42569.0,Brooklyn,7.611172449435035
2024,3,11218,324,71313.0,Brooklyn,4.543351142147996
2024,3,11219,158,94737.0,Brooklyn,1.6677749981527807
2024,3,11220,250,90792.0,Brooklyn,2.7535465679795577
2024,3,11221,804,90750.0,Brooklyn,8.859504132231406
2024,3,11222,298,41418.0,Brooklyn,7.194939398329229
2024,3,11223,222,78566.0,Brooklyn,2.825649772166077
2024,3,11224,171,48469.0,Brooklyn,3.5280282242257934
2024,3,11225,614,56544.0,Brooklyn,10.858800226372383
2024,3,11226,764,100022.0,Brooklyn,7.6383195696946675
2024,3,11228,31,42325.0,Brooklyn,0.7324276432368577
2024,3,11229,473,79802.0,Brooklyn,5.92716974511917
2024,3,11230,310,88252.0,Brooklyn,3.512668268141232
2024,3,11231,167,39704.0,Brooklyn,4.20612532742293
2024,3,11232,245,26681.0,Brooklyn,9.182564371650237
2024,3,11233,453,82711.0,Brooklyn,5.476901500405025
2024,3,11234,146,87778.0,Brooklyn,1.6632869283875231
2024,3,11235,242,81958.0,Brooklyn,2.9527318870641057
2024,3,11236,173,95174.0,Brooklyn,1.8177233277996092
2024,3,11237,637,45233.0,Brooklyn,14.082638781420645
2024,3,11238,377,58462.0,Brooklyn,6.448633300263419
2024,3,11239,72,16047.0,Brooklyn,4.48681996634885
2024,3,11242,1,,Brooklyn,
2024,3,11249,331,45353.0,Brooklyn,7.298304412056534
2024,4,10301,248,39799.0,Staten Island,6.23131234453127
2024,4,10302,48,19693.0,Staten Island,2.437414309653176
2024,4,10303,52,25993.0,Staten Island,2.0005386065479165
2024,4,10304,131,45843.0,Staten Island,2.857579128765569
2024,4,10305,88,41714.0,Staten Island,2.109603490434866
2024,4,10306,107,57249.0,Staten Island,1.8690282799699558
2024,4,10307,52,14821.0,Staten Island,3.508535186559611
2024,4,10308,38,29996.0,Staten Island,1.2668355780770768
2024,4,10309,54,,Staten Island,
2024,4,10310,75,25824.0,Staten Island,2.904275092936803
2024,4,10312,55,63345.0,Staten Island,0.8682611097955639
2024,4,10314,209,93539.0,Staten Island,2.2343621377179574
2024,4,11201,756,69251.0,Brooklyn,10.916809865561508
2024,4,11203,379,76853.0,Brooklyn,4.931492589749261
2024,4,11204,136,81368.0,Brooklyn,1.6714187395536328
2024,4,11205,293,50205.0,Brooklyn,5.836072104372074
2024,4,11206,640,89231.0,Brooklyn,7.172395243805403
2024,4,11207,518,93445.0,Brooklyn,5.543367756434266
2024,4,11208,555,106901.0,Brooklyn,5.191719441352279
2024,4,11209,323,70756.0,Brooklyn,4.56498388829216
2024,4,11210,241,60398.0,Brooklyn,3.990198350938773
2024,4,11211,503,65691.0,Brooklyn,7.657061089038072
2024,4,11212,547,87946.0,Brooklyn,6.2197257407954885
2024,4,11213,421,69630.0,Brooklyn,6.046244434870027
2024,4,11214,193,88994.0,Brooklyn,2.16868552936153
2024,4,11215,244,70922.0,Brooklyn,3.4403993119201375
2024,4,11216,586,59913.0,Brooklyn,9.780848897568141
2024,4,11217,304,42569.0,Brooklyn,7.141346989593366
2024,4,11218,252,71313.0,Brooklyn,3.5337175550039963
2024,4,11219,206,94737.0,Brooklyn,2.1744408203764105
2024,4,11220,287,90792.0,Brooklyn,3.161071460040532
2024,4,11221,855,90750.0,Brooklyn,9.421487603305785
2024,4,11222,407,41418.0,Brooklyn,9.82664541986576
2024,4,11223,265,78566.0,Brooklyn,3.3729603136216686
2024,4,11224,185,48469.0,Brooklyn,3.81687264024428
2024,4,11225,695,56544.0,Brooklyn,12.291312959818901
2024,4,11226,862,100022.0,Brooklyn,8.618104017116234
2024,4,11228,54,42325.0,Brooklyn,1.275841701122268
2024,4,11229,352,79802.0,Brooklyn,4.410917019623569
2024,4,11230,300,88252.0,Brooklyn,3.3993563885237728
2024,4,11231,204,39704.0,Brooklyn,5.138021358049567
2024,4,11232,221,26681.0,Brooklyn,8.283047861774296
2024,4,11233,371,82711.0,Brooklyn,4.4854976967997
2024,4,11234,202,87778.0,Brooklyn,2.301259996810135
2024,4,11235,240,81958.0,Brooklyn,2.9283291441958075
2024,4,11236,193,95174.0,Brooklyn,2.0278647529787546
2024,4,11237,673,45233.0,Brooklyn,14.878517896226207
2024,4,11238,391,58462.0,Brooklyn,6.688105093907153
2024,4,11239,57,16047.0,Brooklyn,3.55206580669284
2024,4,11242,2,,Brooklyn,
2024,4,11249,374,45353.0,Brooklyn,8.24642250788261
2024,4,11251,2,,Brooklyn,
2024,5,10301,256,39799.0,Staten Island,6.432322420161311
2024,5,10302,61,19693.0,Staten Island,3.0975473518509116
2024,5,10303,91,25993.0,Staten Island,3.5009425614588543
2024,5,10304,189,45843.0,Staten Island,4.122766834631242
2024,5,10305,123,41714.0,Staten Island,2.9486503332214604
2024,5,10306,145,57249.0,Staten Island,2.5327953326695662
2024,5,10307,81,14821.0,Staten Island,5.465218271371702
2024,5,10308,59,29996.0,Staten Island,1.966928923856514
2024,5,10309,79,,Staten Island,
2024,5,10310,86,25824.0,Staten Island,3.3302354399008673
2024,5,10312,93,63345.0,Staten Island,1.4681506038361354
2024,5,10314,264,93539.0,Staten Island,2.822352173959525
2024,5,11201,817,69251.0,Brooklyn,11.797663571645176
2024,5,11203,527,76853.0,Brooklyn,6.857246951973248
2024,5,11204,212,81368.0,Brooklyn,2.605446858715957
2024,5,11205,375,50205.0,Brooklyn,7.469375560203167
2024,5,11206,715,89231.0,Brooklyn,8.01291031143885
2024,5,11207,909,93445.0,Brooklyn,9.727647279148162
2024,5,11208,921,106901.0,Brooklyn,8.61544793781162
2024,5,11209,342,70756.0,Brooklyn,4.833512352309345
2024,5,11210,299,60398.0,Brooklyn,4.9504950495049505
2024,5,11211,891,65691.0,Brooklyn,13.563501849568434
2024,5,11212,513,87946.0,Brooklyn,5.833124872080595
2024,5,11213,521,69630.0,Brooklyn,7.482407008473359
2024,5,11214,204,88994.0,Brooklyn,2.2922893678225496
2024,5,11215,293,70922.0,Brooklyn,4.131299173740166
2024,5,11216,689,59913.0,Brooklyn,11.500008345434214
2024,5,11217,428,42569.0,Brooklyn,10.054264840611712
2024,5,11218,313,71313.0,Brooklyn,4.389101566334329
2024,5,11219,169,94737.0,Brooklyn,1.7838859157456959
2024,5,11220,341,90792.0,Brooklyn,3.7558375187241166
2024,5,11221,1090,90750.0,Brooklyn,12.011019283746556
2024,5,11222,494,41418.0,Brooklyn,11.927181418706843
2024,5,11223,343,78566.0,Brooklyn,4.365756179517858
2024,5,11224,335,48469.0,Brooklyn,6.9116342404423445
2024,5,11225,699,56544.0,Brooklyn,12.362054329371817
2024,5,11226,1215,100022.0,Brooklyn,12.147327587930654
2024,5,11228,75,42325.0,Brooklyn,1.772002362669817
2024,5,11229,385,79802.0,Brooklyn,4.824440490213278
2024,5,11230,305,88252.0,Brooklyn,3.4560123283325024
2024,5,11231,264,39704.0,Brooklyn,6.649204110417086
2024,5,11232,365,26681.0,Brooklyn,13.680146921029946
2024,5,11233,454,82711.0,Brooklyn,5.488991790692895
2024,5,11234,295,87778.0,Brooklyn,3.360750985440543
2024,5,11235,373,81958.0,Brooklyn,4.55111154493765
2024,5,11236,218,95174.0,Brooklyn,2.2905415344526867
2024,5,11237,874,45233.0,Brooklyn,19.32217628722393
2024,5,11238,658,58462.0,Brooklyn,11.255174301255517
2024,5,11239,105,16047.0,Brooklyn,6.543279117592073
2024,5,11249,636,45353.0,Brooklyn,14.02332811500893
2024,5,11251,5,,Brooklyn,
2024,6,10301,325,39799.0,Staten Island,8.166034322470415
2024,6,10302,64,19693.0,Staten Island,3.249885746204235
2024,6,10303,107,25993.0,Staten Island,4.116492901935136
2024,6,10304,195,45843.0,Staten Island,4.253648321444932
2024,6,10305,138,41714.0,Staten Island,3.3082418372728584
2024,6,10306,174,57249.0,Staten Island,3.0393543992034795
2024,6,10307,89,14821.0,Staten Island,6.004992915457796
2024,6,10308,68,29996.0,Staten Island,2.2669689291905586
2024,6,10309,229,,Staten Island,
2024,6,10310,111,25824.0,Staten Island,4.298327137546468
2024,6,10312,127,63345.0,Staten Island,2.0048938353461208
2024,6,10314,340,93539.0,Staten Island,3.6348474967660547
2024,6,11201,822,69251.0,Brooklyn,11.869864695094655
2024,6,11203,572,76853.0,Brooklyn,7.442780372919731
2024,6,11204,135,81368.0,Brooklyn,1.6591288958804444
2024,6,11205,284,50205.0,Brooklyn,5.656807090927199
2024,6,11206,829,89231.0,Brooklyn,9.290493214241687
2024,6,11207,1197,93445.0,Brooklyn,12.809674139868372
2024,6,11208,987,106901.0,Brooklyn,9.232841601107566
2024,6,11209,273,70756.0,Brooklyn,3.8583300356153543
2024,6,11210,288,60398.0,Brooklyn,4.7683698135699855
2024,6,11211,792,65691.0,Brooklyn,12.056446088505275
2024,6,11212,615,87946.0,Brooklyn,6.992927478225274
2024,6,11213,536,69630.0,Brooklyn,7.697831394513859
2024,6,11214,186,88994.0,Brooklyn,2.0900285412499717
2024,6,11215,318,70922.0,Brooklyn,4.483799103240179
2024,6,11216,739,59913.0,Brooklyn,12.334551766728422
2024,6,11217,375,42569.0,Brooklyn,8.809227372031291
2024,6,11218,319,71313.0,Brooklyn,4.473237698596329
2024,6,11219,164,94737.0,Brooklyn,1.7311082259307344
2024,6,11220,391,90792.0,Brooklyn,4.306546832320029
2024,6,11221,1118,90750.0,Brooklyn,12.319559228650137
2024,6,11222,485,41418.0,Brooklyn,11.709884591240524
2024,6,11223,312,78566.0,Brooklyn,3.971183463584757
2024,6,11224,345,48469.0,Brooklyn,7.1179516804555485
2024,6,11225,732,56544.0,Brooklyn,12.945670628183363
2024,6,11226,1351,100022.0,Brooklyn,13.507028453740176
2024,6,11228,80,42325.0,Brooklyn,1.8901358535144714
2024,6,11229,327,79802.0,Brooklyn,4.097641663116213
2024,6,11230,398,88252.0,Brooklyn,4.509812808774872
2024,6,11231,234,39704.0,Brooklyn,5.893612734233327
2024,6,11232,346,26681.0,Brooklyn,12.968029684044827
2024,6,11233,623,82711.0,Brooklyn,7.532250849342892
2024,6,11234,406,87778.0,Brooklyn,4.625304746063934
2024,6,11235,375,81958.0,Brooklyn,4.575514287805949
2024,6,11236,379,95174.0,Brooklyn,3.9821800071448084
2024,6,11237,1010,45233.0,Brooklyn,22.32883072093383
2024,6,11238,619,58462.0,Brooklyn,10.588074304676542
2024,6,11239,140,16047.0,Brooklyn,8.724372156789432
2024,6,11249,513,45353.0,Brooklyn,11.311269375785505
2024,6,11251,4,,Brooklyn,
2024,7,10301,229,39799.0,Staten Island,5.753913414909922
2024,7,10302,42,19693.0,Staten Island,2.1327375209465296
2024,7,10303,95,25993.0,Staten Island,3.6548301465779245
2024,7,10304,178,45843.0,Staten Island,3.882817442139476
2024,7,10305,139,41714.0,Staten Island,3.3322146042096175
2024,7,10306,111,57249.0,Staten Island,1.938898496043599
2024,7,10307,77,14821.0,Staten Island,5.195330949328655
2024,7,10308,75,29996.0,Staten Island,2.5003333777837047
2024,7,10309,85,,Staten Island,
2024,7,10310,68,25824.0,Staten Island,2.6332094175960346
2024,7,10312,102,63345.0,Staten Island,1.610229694529955
2024,7,10314,215,93539.0,Staten Island,2.2985065053079468
2024,7,11201,643,69251.0,Brooklyn,9.28506447560324
2024,7,11203,573,76853.0,Brooklyn,7.455792226718541
2024,7,11204,116,81368.0,Brooklyn,1.4256218660898634
2024,7,11205,239,50205.0,Brooklyn,4.760482023702818
2024,7,11206,758,89231.0,Brooklyn,8.494805616882026
2024,7,11207,862,93445.0,Brooklyn,9.224677617850071
2024,7,11208,879,106901.0,Brooklyn,8.222561061168745
2024,7,11209,305,70756.0,Brooklyn,4.310588501328509
2024,7,11210,271,60398.0,Brooklyn,4.486903539852313
2024,7,11211,700,65691.0,Brooklyn,10.655949825699105
2024,7,11212,630,87946.0,Brooklyn,7.163486685011257
2024,7,11213,394,69630.0,Brooklyn,5.658480539997127
2024,7,11214,201,88994.0,Brooklyn,2.2585792300604535
2024,7,11215,220,70922.0,Brooklyn,3.101999379600124
2024,7,11216,715,59913.0,Brooklyn,11.933970924507202
2024,7,11217,325,42569.0,Brooklyn,7.634663722427118
2024,7,11218,194,71313.0,Brooklyn,2.720401609804664
2024,7,11219,112,94737.0,Brooklyn,1.182220251855136
2024,7,11220,354,90792.0,Brooklyn,3.8990219402590536
2024,7,11221,1067,90750.0,Brooklyn,11.757575757575758
2024,7,11222,379,41418.0,Brooklyn,9.150610845526101
2024,7,11223,233,78566.0,Brooklyn,2.9656594455616934
2024,7,11224,288,48469.0,Brooklyn,5.941942272380285
2024,7,11225,608,56544.0,Brooklyn,10.752688172043012
2024,7,11226,1115,100022.0,Brooklyn,11.147547539541302
2024,7,11228,114,42325.0,Brooklyn,2.693443591258122
2024,7,11229,262,79802.0,Brooklyn,3.283125736197088
2024,7,11230,205,88252.0,Brooklyn,2.3228935321579116
2024,7,11231,209,39704.0,Brooklyn,5.263953254080193
2024,7,11232,424,26681.0,Brooklyn,15.891458341141636
2024,7,11233,593,82711.0,Brooklyn,7.169542140706799
2024,7,11234,314,87778.0,Brooklyn,3.577206133655358
2024,7,11235,383,81958.0,Brooklyn,4.673125259279143
2024,7,11236,360,95174.0,Brooklyn,3.7825456532246204
2024,7,11237,781,45233.0,Brooklyn,17.26615524064289
2024,7,11238,446,58462.0,Brooklyn,7.628887140364681
2024,7,11239,129,16047.0,Brooklyn,8.03888577304169
2024,7,11249,452,45353.0,Brooklyn,9.966264635195026
2024,8,10301,263,39799.0,Staten Island,6.608206236337597
2024,8,10302,49,19693.0,Staten Island,2.4881937744376175
2024,8,10303,66,25993.0,Staten Island,2.5391451544646637
2024,8,10304,188,45843.0,Staten Island,4.100953253495627
2024,8,10305,111,41714.0,Staten Island,2.660977129980342
2024,8,10306,97,57249.0,Staten Island,1.6943527397858478
2024,8,10307,75,14821.0,Staten Island,5.060387288307132
2024,8,10308,97,29996.0,Staten Island,3.233764501933591
2024,8,10309,135,,Staten Island,
2024,8,10310,71,25824.0,Staten Island,2.7493804213135067
2024,8,10312,84,63345.0,Staten Island,1.3260715131423157
2024,8,10314,250,93539.0,Staten Island,2.6726819829162167
2024,8,11201,784,69251.0,Brooklyn,11.321136156878602
2024,8,11203,619,76853.0,Brooklyn,8.054337501463834
2024,8,11204,148,81368.0,Brooklyn,1.8188968636318947
2024,8,11205,264,50205.0,Brooklyn,5.25844039438303
2024,8,11206,684,89231.0,Brooklyn,7.665497416817026
2024,8,11207,994,93445.0,Brooklyn,10.637273262346834
2024,8,11208,984,106901.0,Brooklyn,9.204778252775933
2024,8,11209,322,70756.0,Brooklyn,4.550850811238623
2024,8,11210,273,60398.0,Brooklyn,4.520017219113216
2024,8,11211,591,65691.0,Brooklyn,8.996666209983102
2024,8,11212,786,87946.0,Brooklyn,8.937302435585474
2024,8,11213,450,69630.0,Brooklyn,6.462731581214994
2024,8,11214,243,88994.0,Brooklyn,2.730521158729802
2024,8,11215,238,70922.0,Brooklyn,3.3557993288401344
2024,8,11216,591,59913.0,Brooklyn,9.864303239697561
2024,8,11217,337,42569.0,Brooklyn,7.916558998332119
2024,8,11218,217,71313.0,Brooklyn,3.0429234501423306
2024,8,11219,145,94737.0,Brooklyn,1.530553004633881
2024,8,11220,390,90792.0,Brooklyn,4.295532646048111
2024,8,11221,938,90750.0,Brooklyn,10.336088154269971
2024,8,11222,333,41418.0,Brooklyn,8.039982616253802
2024,8,11223,246,78566.0,Brooklyn,3.131125423211058
2024,8,11224,283,48469.0,Brooklyn,5.838783552373682
2024,8,11225,715,56544.0,Brooklyn,12.645019807583475
2024,8,11226,1230,100022.0,Brooklyn,12.297294595189058
2024,8,11228,85,42325.0,Brooklyn,2.008269344359126
2024,8,11229,328,79802.0,Brooklyn,4.110172677376507
2024,8,11230,199,88252.0,Brooklyn,2.254906404387436
2024,8,11231,207,39704.0,Brooklyn,5.2135804956679435
2024,8,11232,256,26681.0,Brooklyn,9.594842772010045
2024,8,11233,504,82711.0,Brooklyn,6.093506305086385
2024,8,11234,284,87778.0,Brooklyn,3.2354348470003873
2024,8,11235,361,81958.0,Brooklyn,4.404695087727861
2024,8,11236,400,95174.0,Brooklyn,4.202828503582911
2024,8,11237,801,45233.0,Brooklyn,17.70831030442376
2024,8,11238,467,58462.0,Brooklyn,7.988094830830282
2024,8,11239,179,16047.0,Brooklyn,11.154732971895058
2024,8,11249,459,45353.0,Brooklyn,10.120609441492293
2024,9,10301,300,39799.0,Staten Island,7.537877836126536
2024,9,10302,80,19693.0,Staten Island,4.062357182755293
2024,9,10303,60,25993.0,Staten Island,2.308313776786058
2024,9,10304,216,45843.0,Staten Island,4.711733525292847
2024,9,10305,109,41714.0,Staten Island,2.613031596106823
2024,9,10306,121,57249.0,Staten Island,2.113574036227707
2024,9,10307,79,14821.0,Staten Island,5.330274610350179
2024,9,10308,65,29996.0,Staten Island,2.1669555940792105
2024,9,10309,77,,Staten Island,
2024,9,10310,95,25824.0,Staten Island,3.6787484510532837
2024,9,10312,98,63345.0,Staten Island,1.5470834319993685
2024,9,10314,500,93539.0,Staten Island,5.3453639658324335
2024,9,11201,825,69251.0,Brooklyn,11.913185369164344
2024,9,11203,651,76853.0,Brooklyn,8.470716823025775
2024,9,11204,161,81368.0,Brooklyn,1.9786648313833448
2024,9,11205,487,50205.0,Brooklyn,9.700229060850514
2024,9,11206,846,89231.0,Brooklyn,9.481009962905269
2024,9,11207,883,93445.0,Brooklyn,9.44940874311092
2024,9,11208,944,106901.0,Brooklyn,8.830600275020814
2024,9,11209,351,70756.0,Brooklyn,4.96071004579117
2024,9,11210,300,60398.0,Brooklyn,4.967051889135401
2024,9,11211,910,65691.0,Brooklyn,13.852734773408839
2024,9,11212,753,87946.0,Brooklyn,8.562072180656312
2024,9,11213,573,69630.0,Brooklyn,8.229211546747091
2024,9,11214,296,88994.0,Brooklyn,3.3260669258601703
2024,9,11215,351,70922.0,Brooklyn,4.949099010180198
2024,9,11216,675,59913.0,Brooklyn,11.266336187471834
2024,9,11217,430,42569.0,Brooklyn,10.10124738659588
2024,9,11218,322,71313.0,Brooklyn,4.515305764727329
2024,9,11219,163,94737.0,Brooklyn,1.7205526879677422
2024,9,11220,496,90792.0,Brooklyn,5.463036390871442
2024,9,11221,1265,90750.0,Brooklyn,13.93939393939394
2024,9,11222,560,41418.0,Brooklyn,13.520691486793181
2024,9,11223,287,78566.0,Brooklyn,3.652979660412901
2024,9,11224,336,48469.0,Brooklyn,6.932265984443665
2024,9,11225,867,56544.0,Brooklyn,15.333191850594229
2024,9,11226,1547,100022.0,Brooklyn,15.466597348583312
2024,9,11228,104,42325.0,Brooklyn,2.457176609568813
2024,9,11229,410,79802.0,Brooklyn,5.137715846720634
2024,9,11230,354,88252.0,Brooklyn,4.011240538458051
2024,9,11231,231,39704.0,Brooklyn,5.81805359661495
2024,9,11232,417,26681.0,Brooklyn,15.629099359094488
2024,9,11233,516,82711.0,Brooklyn,6.238589788540823
2024,9,11234,407,87778.0,Brooklyn,4.636697122285766
2024,9,11235,363,81958.0,Brooklyn,4.429097830596159
2024,9,11236,410,95174.0,Brooklyn,4.307899216172484
2024,9,11237,1057,45233.0,Brooklyn,23.367895120818872
2024,9,11238,547,58462.0,Brooklyn,9.356505080223052
2024,9,11239,123,16047.0,Brooklyn,7.664984109179286
2024,9,11249,622,45353.0,Brooklyn,13.714638502414394
2024,10,10301,291,39799.0,Staten Island,7.311741501042739
2024,10,10302,91,19693.0,Staten Island,4.620931295384147
2024,10,10303,80,25993.0,Staten Island,3.0777517023814105
2024,10,10304,262,45843.0,Staten Island,5.715158257531138
2024,10,10305,150,41714.0,Staten Island,3.5959150405139764
2024,10,10306,224,57249.0,Staten Island,3.91273210012402
2024,10,10307,89,14821.0,Staten Island,6.004992915457796
2024,10,10308,87,29996.0,Staten Island,2.900386718229097
2024,10,10309,72,,Staten Island,
2024,10,10310,102,25824.0,Staten Island,3.9498141263940516
2024,10,10312,126,63345.0,Staten Island,1.9891072697134737
2024,10,10314,314,93539.0,Staten Island,3.3568885705427682
2024,10,11201,967,69251.0,Brooklyn,13.9636972751296
2024,10,11203,523,76853.0,Brooklyn,6.805199536778004
2024,10,11204,204,81368.0,Brooklyn,2.5071281093304494
2024,10,11205,489,50205.0,Brooklyn,9.74006573050493
2024,10,11206,908,89231.0,Brooklyn,10.175835752148917
2024,10,11207,675,93445.0,Brooklyn,7.223500454812992
2024,10,11208,676,106901.0,Brooklyn,6.323607824061514
2024,10,11209,423,70756.0,Brooklyn,5.978291593645769
2024,10,11210,309,60398.0,Brooklyn,5.116063445809464
2024,10,11211,837,65691.0,Brooklyn,12.741471434443074
2024,10,11212,807,87946.0,Brooklyn,9.176085325085847
2024,10,11213,600,69630.0,Brooklyn,8.61697544161999
2024,10,11214,231,88994.0,Brooklyn,2.595680607681417
2024,10,11215,325,70922.0,Brooklyn,4.582499083500184
2024,10,11216,578,59913.0,Brooklyn,9.647321950161066
2024,10,11217,431,42569.0,Brooklyn,10.124738659587964
2024,10,11218,356,71313.0,Brooklyn,4.992077180878662
2024,10,11219,197,94737.0,Brooklyn,2.07944097870948
2024,10,11220,387,90792.0,Brooklyn,4.262490087232355
2024,10,11221,1068,90750.0,Brooklyn,11.768595041322314
2024,10,11222,488,41418.0,Brooklyn,11.78231686706263
2024,10,11223,309,78566.0,Brooklyn,3.9329990072041343
2024,10,11224,420,48469.0,Brooklyn,8.665332480554582
2024,10,11225,740,56544.0,Brooklyn,13.087153367289192
2024,10,11226,1338,100022.0,Brooklyn,13.377057047449561
2024,10,11228,79,42325.0,Brooklyn,1.8665091553455404
2024,10,11229,542,79802.0,Brooklyn,6.791809729079471
2024,10,11230,382,88252.0,Brooklyn,4.328513801386937
2024,10,11231,201,39704.0,Brooklyn,5.062462220431191
2024,10,11232,336,26681.0,Brooklyn,12.593231138263183
2024,10,11233,484,82711.0,Brooklyn,5.851700499328989
2024,10,11234,378,87778.0,Brooklyn,4.306318211852628
2024,10,11235,338,81958.0,Brooklyn,4.1240635447424285
2024,10,11236,242,95174.0,Brooklyn,2.542711244667661
2024,10,11237,935,45233.0,Brooklyn,20.670749231755575
2024,10,11238,647,58462.0,Brooklyn,11.067017891964012
2024,10,11239,143,16047.0,Brooklyn,8.911322988720633
2024,10,11249,469,45353.0,Brooklyn,10.341102021916962
2024,11,10301,165,39799.0,Staten Island,4.145832809869595
2024,11,10302,54,19693.0,Staten Island,2.7420910983598232
2024,11,10303,65,25993.0,Staten Island,2.500673258184896
2024,11,10304,183,45843.0,Staten Island,3.9918853478175516
2024,11,10305,68,41714.0,Staten Island,1.6301481516996692
2024,11,10306,121,57249.0,Staten Island,2.113574036227707
2024,11,10307,58,14821.0,Staten Island,3.9133661696241817
2024,11,10308,33,29996.0,Staten Island,1.10014668622483
2024,11,10309,72,,Staten Island,
2024,11,10310,74,25824.0,Staten Island,2.865551425030979
2024,11,10312,81,63345.0,Staten Island,1.278711816244376
2024,11,10314,223,93539.0,Staten Island,2.3840323287612657
2024,11,11201,726,69251.0,Brooklyn,10.483603124864624
2024,11,11203,328,76853.0,Brooklyn,4.267888046009915
2024,11,11204,121,81368.0,Brooklyn,1.4870710844558057
2024,11,11205,306,50205.0,Brooklyn,6.095010457125784
2024,11,11206,726,89231.0,Brooklyn,8.136185854691755
2024,11,11207,486,93445.0,Brooklyn,5.2009203274653535
2024,11,11208,494,106901.0,Brooklyn,4.621098025275722
2024,11,11209,325,70756.0,Brooklyn,4.593250042399231
2024,11,11210,269,60398.0,Brooklyn,4.45378986059141
2024,11,11211,613,65691.0,Brooklyn,9.33156749021936
2024,11,11212,579,87946.0,Brooklyn,6.583585381938917
2024,11,11213,535,69630.0,Brooklyn,7.683469768777825
2024,11,11214,216,88994.0,Brooklyn,2.427129918870935
2024,11,11215,198,70922.0,Brooklyn,2.7917994416401117
2024,11,11216,395,59913.0,Brooklyn,6.592893028224259
2024,11,11217,276,42569.0,Brooklyn,6.48359134581503
2024,11,11218,240,71313.0,Brooklyn,3.3654452904799967
2024,11,11219,133,94737.0,Brooklyn,1.403886549077974
2024,11,11220,282,90792.0,Brooklyn,3.1060005286809407
2024,11,11221,807,90750.0,Brooklyn,8.892561983471074
2024,11,11222,424,41418.0,Brooklyn,10.237094982857695
2024,11,11223,337,78566.0,Brooklyn,4.289387266756612
2024,11,11224,314,48469.0,Brooklyn,6.478367616414615
2024,11,11225,598,56544.0,Brooklyn,10.575834748160723
2024,11,11226,1020,100022.0,Brooklyn,10.197756493571413
2024,11,11228,67,42325.0,Brooklyn,1.58298877731837
2024,11,11229,480,79802.0,Brooklyn,6.01488684494123
2024,11,11230,297,88252.0,Brooklyn,3.365362824638535
2024,11,11231,186,39704.0,Brooklyn,4.684666532339311
2024,11,11232,235,26681.0,Brooklyn,8.807765825868596
2024,11,11233,371,82711.0,Brooklyn,4.4854976967997
2024,11,11234,199,87778.0,Brooklyn,2.2670828681446373
2024,11,11235,272,81958.0,Brooklyn,3.318773030088582
2024,11,11236,307,95174.0,Brooklyn,3.2256708764998843
2024,11,11237,619,45233.0,Brooklyn,13.684699224017864
2024,11,11238,456,58462.0,Brooklyn,7.799938421538777
2024,11,11239,151,16047.0,Brooklyn,9.409858540537172
2024,11,11249,350,45353.0,Brooklyn,7.717240314863405
2024,12,10301,134,39799.0,Staten Island,3.366918766803186
2024,12,10302,28,19693.0,Staten Island,1.4218250139643527
2024,12,10303,46,25993.0,Staten Island,1.769707228869311
2024,12,10304,144,45843.0,Staten Island,3.141155683528565
2024,12,10305,102,41714.0,Staten Island,2.445222227549504
2024,12,10306,117,57249.0,Staten Island,2.043703820154064
2024,12,10307,54,14821.0,Staten Island,3.643478847581135
2024,12,10308,36,29996.0,Staten Island,1.200160021336178
2024,12,10309,44,,Staten Island,
2024,12,10310,32,25824.0,Staten Island,1.2391573729863692
2024,12,10312,87,63345.0,Staten Island,1.373431210040256
2024,12,10314,166,93539.0,Staten Island,1.7746608366563679
2024,12,11201,694,69251.0,Brooklyn,10.021515934787946
2024,12,11203,264,76853.0,Brooklyn,3.4351294028860293
2024,12,11204,124,81368.0,Brooklyn,1.5239406154753712
2024,12,11205,209,50205.0,Brooklyn,4.162931978886565
2024,12,11206,537,89231.0,Brooklyn,6.018087884255472
2024,12,11207,376,93445.0,Brooklyn,4.023757290384718
2024,12,11208,375,106901.0,Brooklyn,3.5079185414542424
2024,12,11209,311,70756.0,Brooklyn,4.3953869636497265
2024,12,11210,247,60398.0,Brooklyn,4.089539388721481
2024,12,11211,419,65691.0,Brooklyn,6.37834710995418
2024,12,11212,525,87946.0,Brooklyn,5.9695722375093805
2024,12,11213,478,69630.0,Brooklyn,6.864857101823926
2024,12,11214,238,88994.0,Brooklyn,2.674337595792975
2024,12,11215,160,70922.0,Brooklyn,2.2559995488000903
2024,12,11216,376,59913.0,Brooklyn,6.2757665281324595
2024,12,11217,273,42569.0,Brooklyn,6.4131175268387794
2024,12,11218,206,71313.0,Brooklyn,2.888673874328664
2024,12,11219,108,94737.0,Brooklyn,1.1399981000031667
2024,12,11220,271,90792.0,Brooklyn,2.98484447968984
2024,12,11221,591,90750.0,Brooklyn,6.512396694214876
2024,12,11222,273,41418.0,Brooklyn,6.5913370998116765
2024,12,11223,310,78566.0,Brooklyn,3.945727159331008
2024,12,11224,283,48469.0,Brooklyn,5.838783552373682
2024,12,11225,556,56544.0,Brooklyn,9.833050367855122
2024,12,11226,676,100022.0,Brooklyn,6.758513127112035
2024,12,11228,81,42325.0,Brooklyn,1.913762551683402
2024,12,11229,526,79802.0,Brooklyn,6.591313500914764
2024,12,11230,336,88252.0,Brooklyn,3.807279155146625
2024,12,11231,131,39704.0,Brooklyn,3.2994156760024183
2024,12,11232,211,26681.0,Brooklyn,7.908249315992655
2024,12,11233,304,82711.0,Brooklyn,3.675448247512423
2024,12,11234,257,87778.0,Brooklyn,2.927840689010914
2024,12,11235,262,81958.0,Brooklyn,3.19675931574709
2024,12,11236,258,95174.0,Brooklyn,2.710824384810978
2024,12,11237,387,45233.0,Brooklyn,8.555700484159795
2024,12,11238,409,58462.0,Brooklyn,6.995997400020527
2024,12,11239,163,16047.0,Brooklyn,10.15766186826198
2024,12,11249,409,45353.0,Brooklyn,9.01814653936895
2025,1,10301,160,39799.0,Staten Island,4.020201512600819
2025,1,10302,36,19693.0,Staten Island,1.8280607322398823
2025,1,10303,98,25993.0,Staten Island,3.770245835417228
2025,1,10304,134,45843.0,Staten Island,2.9230198721724143
2025,1,10305,87,41714.0,Staten Island,2.0856307234981064
2025,1,10306,106,57249.0,Staten Island,1.8515607259515452
2025,1,10307,58,14821.0,Staten Island,3.9133661696241817
2025,1,10308,30,29996.0,Staten Island,1.0001333511134818
2025,1,10309,58,,Staten Island,
2025,1,10310,54,25824.0,Staten Island,2.091078066914498
2025,1,10312,41,63345.0,Staten Island,0.6472491909385113
2025,1,10314,177,93539.0,Staten Island,1.8922588439046815
2025,1,11201,587,69251.0,Brooklyn,8.476411892969054
2025,1,11203,268,76853.0,Brooklyn,3.4871768180812723
2025,1,11204,122,81368.0,Brooklyn,1.4993609281289941
2025,1,11205,194,50205.0,Brooklyn,3.864156956478438
2025,1,11206,517,89231.0,Brooklyn,5.793950532886552
2025,1,11207,424,93445.0,Brooklyn,4.537428433838087
2025,1,11208,282,106901.0,Brooklyn,2.6379547431735904
2025,1,11209,244,70756.0,Brooklyn,3.4484708010628076
2025,1,11210,225,60398.0,Brooklyn,3.7252889168515515
2025,1,11211,411,65691.0,Brooklyn,6.256564826231904
2025,1,11212,463,87946.0,Brooklyn,5.264594182793988
2025,1,11213,376,69630.0,Brooklyn,5.399971276748528
2025,1,11214,286,88994.0,Brooklyn,3.213699799986516
2025,1,11215,171,70922.0,Brooklyn,2.4110995177800962
2025,1,11216,297,59913.0,Brooklyn,4.957187922487607
2025,1,11217,377,42569.0,Brooklyn,8.856209918015457
2025,1,11218,189,71313.0,Brooklyn,2.6502881662529973
2025,1,11219,117,94737.0,Brooklyn,1.2349979416700971
2025,1,11220,240,90792.0,Brooklyn,2.6434047052603753
2025,1,11221,593,90750.0,Brooklyn,6.53443526170799
2025,1,11222,231,41418.0,Brooklyn,5.577285238302188
2025,1,11223,301,78566.0,Brooklyn,3.8311737901891405
2025,1,11224,233,48469.0,Brooklyn,4.80719635230766
2025,1,11225,436,56544.0,Brooklyn,7.710809281267685
2025,1,11226,657,100022.0,Brooklyn,6.568554917918059
2025,1,11228,39,42325.0,Brooklyn,0.9214412285883048
2025,1,11229,439,79802.0,Brooklyn,5.501115260269167
2025,1,11230,329,88252.0,Brooklyn,3.727960839414404
2025,1,11231,131,39704.0,Brooklyn,3.2994156760024183
2025,1,11232,142,26681.0,Brooklyn,5.322139350099322
2025,1,11233,322,82711.0,Brooklyn,3.8930734726940797
2025,1,11234,205,87778.0,Brooklyn,2.335437125475632
2025,1,11235,206,81958.0,Brooklyn,2.5134825154347347
2025,1,11236,230,95174.0,Brooklyn,2.416626389560174
2025,1,11237,353,45233.0,Brooklyn,7.8040368757323195
2025,1,11238,362,58462.0,Brooklyn,6.192056378502275
2025,1,11239,153,16047.0,Brooklyn,9.534492428491307
2025,1,11249,296,45353.0,Brooklyn,6.526580380570194
2025,2,10301,165,39799.0,Staten Island,4.145832809869595
2025,2,10302,30,19693.0,Staten Island,1.5233839435332353
2025,2,10303,95,25993.0,Staten Island,3.6548301465779245
2025,2,10304,162,45843.0,Staten Island,3.5338001439696356
2025,2,10305,108,41714.0,Staten Island,2.589058829170063
2025,2,10306,115,57249.0,Staten Island,2.008768712117242
2025,2,10307,26,14821.0,Staten Island,1.7542675932798055
2025,2,10308,32,29996.0,Staten Island,1.0668089078543808
2025,2,10309,41,,Staten Island,
2025,2,10310,46,25824.0,Staten Island,1.7812887236679058
2025,2,10312,41,63345.0,Staten Island,0.6472491909385113
2025,2,10314,104,93539.0,Staten Island,1.1118357048931462
2025,2,11201,664,69251.0,Brooklyn,9.58830919409106
2025,2,11203,251,76853.0,Brooklyn,3.26597530350149
2025,2,11204,112,81368.0,Brooklyn,1.3764624913971093
2025,2,11205,151,50205.0,Brooklyn,3.0076685589084753
2025,2,11206,521,89231.0,Brooklyn,5.8387780031603365
2025,2,11207,396,93445.0,Brooklyn,4.237786933490288
2025,2,11208,266,106901.0,Brooklyn,2.488283552071543
2025,2,11209,214,70756.0,Brooklyn,3.0244784894567243
2025,2,11210,196,60398.0,Brooklyn,3.2451405675684626
2025,2,11211,437,65691.0,Brooklyn,6.652357248329299
2025,2,11212,480,87946.0,Brooklyn,5.4578946171514335
2025,2,11213,268,69630.0,Brooklyn,3.8489156972569294
2025,2,11214,263,88994.0,Brooklyn,2.955255410477111
2025,2,11215,175,70922.0,Brooklyn,2.4674995065000984
2025,2,11216,239,59913.0,Brooklyn,3.9891175537863237
2025,2,11217,443,42569.0,Brooklyn,10.406633935492964
2025,2,11218,140,71313.0,Brooklyn,1.9631764194466645
2025,2,11219,116,94737.0,Brooklyn,1.2244424037071049
2025,2,11220,174,90792.0,Brooklyn,1.916468411313772
2025,2,11221,580,90750.0,Brooklyn,6.3911845730027546
2025,2,11222,279,41418.0,Brooklyn,6.736201651455889
2025,2,11223,266,78566.0,Brooklyn,3.3856884657485424
2025,2,11224,216,48469.0,Brooklyn,4.4564567042852135
2025,2,11225,490,56544.0,Brooklyn,8.665817770232032
2025,2,11226,602,100022.0,Brooklyn,6.0186758913039125
2025,2,11228,31,42325.0,Brooklyn,0.7324276432368577
2025,2,11229,391,79802.0,Brooklyn,4.899626575775043
2025,2,11230,254,88252.0,Brooklyn,2.8781217422834606
2025,2,11231,103,39704.0,Brooklyn,2.594197058230909
2025,2,11232,115,26681.0,Brooklyn,4.310183276488887
2025,2,11233,333,82711.0,Brooklyn,4.026066665860647
2025,2,11234,200,87778.0,Brooklyn,2.27847524436647
2025,2,11235,192,81958.0,Brooklyn,2.342663315356646
2025,2,11236,212,95174.0,Brooklyn,2.227499106898943
2025,2,11237,323,45233.0,Brooklyn,7.140804280061017
2025,2,11238,286,58462.0,Brooklyn,4.892066641579145
2025,2,11239,151,16047.0,Brooklyn,9.409858540537172
2025,2,11249,257,45353.0,Brooklyn,5.666659316913986
2025,3,10301,201,39799.0,Staten Island,5.050378150204779
2025,3,10302,38,19693.0,Staten Island,1.9296196618087644
2025,3,10303,98,25993.0,Staten Island,3.770245835417228
2025,3,10304,185,45843.0,Staten Island,4.035512510088781
2025,3,10305,115,41714.0,Staten Island,2.756868197727382
2025,3,10306,159,57249.0,Staten Island,2.7773410889273173
2025,3,10307,36,14821.0,Staten Island,2.4289858983874235
2025,3,10308,40,29996.0,Staten Island,1.3335111348179758
2025,3,10309,45,,Staten Island,
2025,3,10310,68,25824.0,Staten Island,2.6332094175960346
2025,3,10312,74,63345.0,Staten Island,1.1682058568158498
2025,3,10314,218,93539.0,Staten Island,2.330578689102941
2025,3,11201,754,69251.0,Brooklyn,10.887929416181715
2025,3,11203,402,76853.0,Brooklyn,5.230765227121908
2025,3,11204,226,81368.0,Brooklyn,2.777504670140596
2025,3,11205,339,50205.0,Brooklyn,6.752315506423662
2025,3,11206,798,89231.0,Brooklyn,8.943080319619863
2025,3,11207,583,93445.0,Brooklyn,6.238964096527369
2025,3,11208,373,106901.0,Brooklyn,3.4892096425664865
2025,3,11209,270,70756.0,Brooklyn,3.8159308044547458
2025,3,11210,273,60398.0,Brooklyn,4.520017219113216
2025,3,11211,536,65691.0,Brooklyn,8.159413009392457
2025,3,11212,664,87946.0,Brooklyn,7.550087553726151
2025,3,11213,403,69630.0,Brooklyn,5.787735171621428
2025,3,11214,375,88994.0,Brooklyn,4.2137672202620395
2025,3,11215,220,70922.0,Brooklyn,3.101999379600124
2025,3,11216,412,59913.0,Brooklyn,6.876637791464289
2025,3,11217,511,42569.0,Brooklyn,12.00404049895464
2025,3,11218,298,71313.0,Brooklyn,4.178761235679329
2025,3,11219,134,94737.0,Brooklyn,1.4144420870409662
2025,3,11220,316,90792.0,Brooklyn,3.480482861926161
2025,3,11221,778,90750.0,Brooklyn,8.573002754820937
2025,3,11222,344,41418.0,Brooklyn,8.305567627601526
2025,3,11223,316,78566.0,Brooklyn,4.022096072092253
2025,3,11224,255,48469.0,Brooklyn,5.26109472033671
2025,3,11225,580,56544.0,Brooklyn,10.257498585172609
2025,3,11226,740,100022.0,Brooklyn,7.398372358081222
2025,3,11228,51,42325.0,Brooklyn,1.2049616066154756
2025,3,11229,506,79802.0,Brooklyn,6.340693215708879
2025,3,11230,346,88252.0,Brooklyn,3.920591034764085
2025,3,11231,182,39704.0,Brooklyn,4.583921015514809
2025,3,11232,196,26681.0,Brooklyn,7.3460514973201905
2025,3,11233,419,82711.0,Brooklyn,5.065831630617451
2025,3,11234,269,87778.0,Brooklyn,3.064549203672902
2025,3,11235,265,81958.0,Brooklyn,3.2333634300495375
2025,3,11236,277,95174.0,Brooklyn,2.910458738731166
2025,3,11237,548,45233.0,Brooklyn,12.115048747595782
2025,3,11238,541,58462.0,Brooklyn,9.253874311518592
2025,3,11239,161,16047.0,Brooklyn,10.033027980307844
2025,3,11249,451,45353.0,Brooklyn,9.944215377152558
2025,4,10301,251,39799.0,Staten Island,6.306691122892535
2025,4,10302,34,19693.0,Staten Island,1.7265018026709997
2025,4,10303,60,25993.0,Staten Island,2.308313776786058
2025,4,10304,203,45843.0,Staten Island,4.428156970529852
2025,4,10305,122,41714.0,Staten Island,2.9246775662847004
2025,4,10306,188,57249.0,Staten Island,3.283900155461231
2025,4,10307,72,14821.0,Staten Island,4.857971796774847
2025,4,10308,44,29996.0,Staten Island,1.4668622482997733
2025,4,10309,64,,Staten Island,
2025,4,10310,100,25824.0,Staten Island,3.872366790582404
2025,4,10312,73,63345.0,Staten Island,1.152419291183203
2025,4,10314,219,93539.0,Staten Island,2.341269417034606
2025,4,11201,698,69251.0,Brooklyn,10.07927683354753
2025,4,11203,402,76853.0,Brooklyn,5.230765227121908
2025,4,11204,227,81368.0,Brooklyn,2.7897945138137845
2025,4,11205,268,50205.0,Brooklyn,5.338113733691864
2025,4,11206,948,89231.0,Brooklyn,10.624110454886754
2025,4,11207,795,93445.0,Brooklyn,8.507678313446412
2025,4,11208,471,106901.0,Brooklyn,4.405945688066529
2025,4,11209,353,70756.0,Brooklyn,4.988976199898242
2025,4,11210,283,60398.0,Brooklyn,4.685585615417729
2025,4,11211,651,65691.0,Brooklyn,9.910033337900169
2025,4,11212,712,87946.0,Brooklyn,8.095877015441294
2025,4,11213,390,69630.0,Brooklyn,5.601034037052995
2025,4,11214,399,88994.0,Brooklyn,4.483448322358811
2025,4,11215,236,70922.0,Brooklyn,3.327599334480133
2025,4,11216,544,59913.0,Brooklyn,9.079832423681005
2025,4,11217,439,42569.0,Brooklyn,10.31266884352463
2025,4,11218,291,71313.0,Brooklyn,4.080602414706997
2025,4,11219,156,94737.0,Brooklyn,1.6466639222267963
2025,4,11220,354,90792.0,Brooklyn,3.8990219402590536
2025,4,11221,833,90750.0,Brooklyn,9.179063360881543
2025,4,11222,373,41418.0,Brooklyn,9.005746293881888
2025,4,11223,319,78566.0,Brooklyn,4.060280528472876
2025,4,11224,243,48469.0,Brooklyn,5.013513792320865
2025,4,11225,587,56544.0,Brooklyn,10.38129598189021
2025,4,11226,792,100022.0,Brooklyn,7.918257983243686
2025,4,11228,55,42325.0,Brooklyn,1.299468399291199
2025,4,11229,474,79802.0,Brooklyn,5.9397007593794635
2025,4,11230,281,88252.0,Brooklyn,3.1840638172506006
2025,4,11231,221,39704.0,Brooklyn,5.566189804553697
2025,4,11232,209,26681.0,Brooklyn,7.833289606836326
2025,4,11233,561,82711.0,Brooklyn,6.782652851494964
2025,4,11234,310,87778.0,Brooklyn,3.5316366287680285
2025,4,11235,287,81958.0,Brooklyn,3.50179360160082
2025,4,11236,274,95174.0,Brooklyn,2.8789375249542943
2025,4,11237,734,45233.0,Brooklyn,16.227090840757857
2025,4,11238,482,58462.0,Brooklyn,8.244671752591428
2025,4,11239,169,16047.0,Brooklyn,10.531563532124386
2025,4,11249,426,45353.0,Brooklyn,9.392983926090887
2025,5,10301,253,39799.0,Staten Island,6.3569436418000445
2025,5,10302,87,19693.0,Staten Island,4.417813436246383
2025,5,10303,94,25993.0,Staten Island,3.6163582502981573
2025,5,10304,198,45843.0,Staten Island,4.319089064851776
2025,5,10305,136,41714.0,Staten Island,3.2602963033993384
2025,5,10306,382,57249.0,Staten Island,6.672605635032927
2025,5,10307,122,14821.0,Staten Island,8.231563322312933
2025,5,10308,59,29996.0,Staten Island,1.966928923856514
2025,5,10309,84,,Staten Island,
2025,5,10310,102,25824.0,Staten Island,3.9498141263940516
2025,5,10312,115,63345.0,Staten Island,1.8154550477543612
2025,5,10314,364,93539.0,Staten Island,3.891424967126012
2025,5,11201,805,69251.0,Brooklyn,11.62438087536642
2025,5,11203,677,76853.0,Brooklyn,8.809025021794856
2025,5,11204,312,81368.0,Brooklyn,3.8344312260348046
2025,5,11205,365,50205.0,Brooklyn,7.270192211931083
2025,5,11206,1119,89231.0,Brooklyn,12.54048480909101
2025,5,11207,778,93445.0,Brooklyn,8.325753116806677
2025,5,11208,819,106901.0,Brooklyn,7.661294094536067
2025,5,11209,401,70756.0,Brooklyn,5.667363898467975
2025,5,11210,329,60398.0,Brooklyn,5.447200238418491
2025,5,11211,1048,65691.0,Brooklyn,15.95347916761809
2025,5,11212,772,87946.0,Brooklyn,8.778113842585222
2025,5,11213,674,69630.0,Brooklyn,9.679735746086456
2025,5,11214,500,88994.0,Brooklyn,5.61835629368272
2025,5,11215,319,70922.0,Brooklyn,4.49789910042018
2025,5,11216,690,59913.0,Brooklyn,11.516699213860097
2025,5,11217,668,42569.0,Brooklyn,15.692170358711738
2025,5,11218,319,71313.0,Brooklyn,4.473237698596329
2025,5,11219,223,94737.0,Brooklyn,2.353884965747279
2025,5,11220,453,90792.0,Brooklyn,4.9894263811789585
2025,5,11221,1144,90750.0,Brooklyn,12.606060606060607
2025,5,11222,496,41418.0,Brooklyn,11.975469602588248
2025,5,11223,455,78566.0,Brooklyn,5.79130921772777
2025,5,11224,266,48469.0,Brooklyn,5.488043904351235
2025,5,11225,652,56544.0,Brooklyn,11.53084323712507
2025,5,11226,1157,100022.0,Brooklyn,11.56745515986483
2025,5,11228,119,42325.0,Brooklyn,2.811577082102776
2025,5,11229,448,79802.0,Brooklyn,5.613894388611814
2025,5,11230,350,88252.0,Brooklyn,3.9659157866110686
2025,5,11231,284,39704.0,Brooklyn,7.152931694539593
2025,5,11232,432,26681.0,Brooklyn,16.191297177766952
2025,5,11233,757,82711.0,Brooklyn,9.152349747917448
2025,5,11234,434,87778.0,Brooklyn,4.944291280275239
2025,5,11235,341,81958.0,Brooklyn,4.160667659044877
2025,5,11236,476,95174.0,Brooklyn,5.001365919263664
2025,5,11237,918,45233.0,Brooklyn,20.294917427541836
2025,5,11238,677,58462.0,Brooklyn,11.5801717354863
2025,5,11239,133,16047.0,Brooklyn,8.28815354894996
2025,5,11249,538,45353.0,Brooklyn,11.862500826847178
2025,6,10301,262,39799.0,Staten Island,6.583079976883842
2025,6,10302,103,19693.0,Staten Island,5.230284872797441
2025,6,10303,82,25993.0,Staten Island,3.154695494940946
2025,6,10304,240,45843.0,Staten Island,5.235259472547607
2025,6,10305,184,41714.0,Staten Island,4.410989116363811
2025,6,10306,297,57249.0,Staten Island,5.1878635434680085
2025,6,10307,200,14821.0,Staten Island,13.494366102152352
2025,6,10308,67,29996.0,Staten Island,2.233631150820109
2025,6,10309,98,,Staten Island,
2025,6,10310,88,25824.0,Staten Island,3.4076827757125154
2025,6,10312,115,63345.0,Staten Island,1.8154550477543612
2025,6,10314,300,93539.0,Staten Island,3.20721837949946
2025,6,11201,717,69251.0,Brooklyn,10.353641102655558
2025,6,11203,442,76853.0,Brooklyn,5.751239379074337
2025,6,11204,192,81368.0,Brooklyn,2.3596499852521875
2025,6,11205,361,50205.0,Brooklyn,7.190518872622249
2025,6,11206,986,89231.0,Brooklyn,11.0499714224877
2025,6,11207,817,93445.0,Brooklyn,8.74311092086254
2025,6,11208,713,106901.0,Brooklyn,6.669722453485
2025,6,11209,377,70756.0,Brooklyn,5.328170049183108
2025,6,11210,259,60398.0,Brooklyn,4.288221464286897
2025,6,11211,1033,65691.0,Brooklyn,15.725137385638822
2025,6,11212,794,87946.0,Brooklyn,9.02826734587133
2025,6,11213,526,69630.0,Brooklyn,7.554215137153526
2025,6,11214,612,88994.0,Brooklyn,6.8768681034676495
2025,6,11215,294,70922.0,Brooklyn,4.145399170920166
2025,6,11216,651,59913.0,Brooklyn,10.865755345250614
2025,6,11217,520,42569.0,Brooklyn,12.21546195588339
2025,6,11218,292,71313.0,Brooklyn,4.0946251034173295
2025,6,11219,176,94737.0,Brooklyn,1.857774681486642
2025,6,11220,475,90792.0,Brooklyn,5.23173847916116
2025,6,11221,1014,90750.0,Brooklyn,11.173553719008263
2025,6,11222,552,41418.0,Brooklyn,13.327538751267566
2025,6,11223,381,78566.0,Brooklyn,4.849425960339079
2025,6,11224,330,48469.0,Brooklyn,6.808475520435743
2025,6,11225,656,56544.0,Brooklyn,11.601584606677985
2025,6,11226,1113,100022.0,Brooklyn,11.127551938573513
2025,6,11228,66,42325.0,Brooklyn,1.559362079149439
2025,6,11229,410,79802.0,Brooklyn,5.137715846720634
2025,6,11230,326,88252.0,Brooklyn,3.6939672755291664
2025,6,11231,363,39704.0,Brooklyn,9.142655651823494
2025,6,11232,263,26681.0,Brooklyn,9.857201754057195
2025,6,11233,674,82711.0,Brooklyn,8.148855654024253
2025,6,11234,425,87778.0,Brooklyn,4.8417598942787485
2025,6,11235,344,81958.0,Brooklyn,4.197271773347325
2025,6,11236,513,95174.0,Brooklyn,5.390127555845084
2025,6,11237,968,45233.0,Brooklyn,21.400305086994006
2025,6,11238,743,58462.0,Brooklyn,12.709110191235332
2025,6,11239,107,16047.0,Brooklyn,6.6679130055462075
2025,6,11249,521,45353.0,Brooklyn,11.48766344012524
2025,7,10301,245,39799.0,Staten Island,6.155933566170004
2025,7,10302,89,19693.0,Staten Island,4.519372365815264
2025,7,10303,97,25993.0,Staten Island,3.73177393913746
2025,7,10304,201,45843.0,Staten Island,4.384529808258622
2025,7,10305,127,41714.0,Staten Island,3.0445414009685
2025,7,10306,243,57249.0,Staten Island,4.244615626473825
2025,7,10307,87,14821.0,Staten Island,5.870049254436273
2025,7,10308,60,29996.0,Staten Island,2.0002667022269636
2025,7,10309,120,,Staten Island,
2025,7,10310,79,25824.0,Staten Island,3.0591697645600995
2025,7,10312,111,63345.0,Staten Island,1.7523087852237746
2025,7,10314,184,93539.0,Staten Island,1.9670939394263354
2025,7,11201,743,69251.0,Brooklyn,10.729086944592858
2025,7,11203,450,76853.0,Brooklyn,5.855334209464822
2025,7,11204,95,81368.0,Brooklyn,1.1675351489529053
2025,7,11205,256,50205.0,Brooklyn,5.0990937157653615
2025,7,11206,799,89231.0,Brooklyn,8.954287187188308
2025,7,11207,747,93445.0,Brooklyn,7.994007169993045
2025,7,11208,789,106901.0,Brooklyn,7.380660611219726
2025,7,11209,219,70756.0,Brooklyn,3.095143874724405
2025,7,11210,265,60398.0,Brooklyn,4.3875625020696045
2025,7,11211,837,65691.0,Brooklyn,12.741471434443074
2025,7,11212,867,87946.0,Brooklyn,9.858322152229777
2025,7,11213,495,69630.0,Brooklyn,7.109004739336492
2025,7,11214,239,88994.0,Brooklyn,2.6855743083803403
2025,7,11215,205,70922.0,Brooklyn,2.8904994219001154
2025,7,11216,604,59913.0,Brooklyn,10.081284529234056
2025,7,11217,405,42569.0,Brooklyn,9.513965561793793
2025,7,11218,293,71313.0,Brooklyn,4.1086477921276625
2025,7,11219,123,94737.0,Brooklyn,1.2983311694480508
2025,7,11220,349,90792.0,Brooklyn,3.843951008899462
2025,7,11221,960,90750.0,Brooklyn,10.578512396694215
2025,7,11222,315,41418.0,Brooklyn,7.6053889613211645
2025,7,11223,278,78566.0,Brooklyn,3.5384262912710334
2025,7,11224,291,48469.0,Brooklyn,6.003837504384246
2025,7,11225,638,56544.0,Brooklyn,11.283248443689871
2025,7,11226,980,100022.0,Brooklyn,9.797844474215673
2025,7,11228,85,42325.0,Brooklyn,2.008269344359126
2025,7,11229,293,79802.0,Brooklyn,3.6715871782662086
2025,7,11230,216,88252.0,Brooklyn,2.4475365997371163
2025,7,11231,277,39704.0,Brooklyn,6.976627040096716
2025,7,11232,270,26681.0,Brooklyn,10.119560736104344
2025,7,11233,694,82711.0,Brooklyn,8.390661459781649
2025,7,11234,420,87778.0,Brooklyn,4.784798013169587
2025,7,11235,286,81958.0,Brooklyn,3.4895922301666706
2025,7,11236,483,95174.0,Brooklyn,5.074915418076365
2025,7,11237,819,45233.0,Brooklyn,18.10624986182654
2025,7,11238,596,58462.0,Brooklyn,10.19465635797612
2025,7,11239,97,16047.0,Brooklyn,6.044743565775534
2025,7,11249,341,45353.0,Brooklyn,7.518796992481203
2025,8,10301,293,39799.0,Staten Island,7.36199401995025
2025,8,10302,81,19693.0,Staten Island,4.1131366475397355
2025,8,10303,114,25993.0,Staten Island,4.38579617589351
2025,8,10304,217,45843.0,Staten Island,4.733547106428463
2025,8,10305,128,41714.0,Staten Island,3.0685141679052594
2025,8,10306,218,57249.0,Staten Island,3.807926776013555
2025,8,10307,158,14821.0,Staten Island,10.660549220700357
2025,8,10308,91,29996.0,Staten Island,3.0337378317108947
2025,8,10309,104,,Staten Island,
2025,8,10310,102,25824.0,Staten Island,3.9498141263940516
2025,8,10312,157,63345.0,Staten Island,2.478490804325519
2025,8,10314,250,93539.0,Staten Island,2.6726819829162167
2025,8,11201,776,69251.0,Brooklyn,11.205614359359432
2025,8,11203,618,76853.0,Brooklyn,8.041325647665023
2025,8,11204,154,81368.0,Brooklyn,1.8926359256710255
2025,8,11205,288,50205.0,Brooklyn,5.736480430236032
2025,8,11206,1079,89231.0,Brooklyn,12.092210106353173
2025,8,11207,1130,93445.0,Brooklyn,12.092674835464713
2025,8,11208,893,106901.0,Brooklyn,8.353523353383036
2025,8,11209,280,70756.0,Brooklyn,3.957261574990107
2025,8,11210,395,60398.0,Brooklyn,6.539951654028279
2025,8,11211,979,65691.0,Brooklyn,14.903106970513464
2025,8,11212,921,87946.0,Brooklyn,10.472335296659315
2025,8,11213,578,69630.0,Brooklyn,8.30101967542726
2025,8,11214,409,88994.0,Brooklyn,4.595815448232465
2025,8,11215,317,70922.0,Brooklyn,4.469699106060179
2025,8,11216,822,59913.0,Brooklyn,13.719893846076811
2025,8,11217,514,42569.0,Brooklyn,12.074514317930888
2025,8,11218,306,71313.0,Brooklyn,4.2909427453619955
2025,8,11219,144,94737.0,Brooklyn,1.5199974666708889
2025,8,11220,435,90792.0,Brooklyn,4.791171028284431
2025,8,11221,1063,90750.0,Brooklyn,11.713498622589531
2025,8,11222,429,41418.0,Brooklyn,10.357815442561206
2025,8,11223,311,78566.0,Brooklyn,3.9584553114578824
2025,8,11224,332,48469.0,Brooklyn,6.849739008438383
2025,8,11225,701,56544.0,Brooklyn,12.397425014148274
2025,8,11226,1258,100022.0,Brooklyn,12.577233008738078
2025,8,11228,117,42325.0,Brooklyn,2.7643236857649143
2025,8,11229,385,79802.0,Brooklyn,4.824440490213278
2025,8,11230,344,88252.0,Brooklyn,3.897928658840593
2025,8,11231,299,39704.0,Brooklyn,7.530727382631473
2025,8,11232,275,26681.0,Brooklyn,10.306960008995164
2025,8,11233,900,82711.0,Brooklyn,10.881261259082832
2025,8,11234,407,87778.0,Brooklyn,4.636697122285766
2025,8,11235,398,81958.0,Brooklyn,4.856145830791381
2025,8,11236,580,95174.0,Brooklyn,6.094101330195222
2025,8,11237,971,45233.0,Brooklyn,21.466628346561137
2025,8,11238,740,58462.0,Brooklyn,12.657794806883103
2025,8,11239,100,16047.0,Brooklyn,6.231694397706737
2025,8,11249,468,45353.0,Brooklyn,10.319052763874495
2025,9,10301,195,39799.0,Staten Island,4.899620593482248
2025,9,10302,70,19693.0,Staten Island,3.554562534910882
2025,9,10303,80,25993.0,Staten Island,3.0777517023814105
2025,9,10304,188,45843.0,Staten Island,4.100953253495627
2025,9,10305,128,41714.0,Staten Island,3.0685141679052594
2025,9,10306,232,57249.0,Staten Island,4.052472532271306
2025,9,10307,121,14821.0,Staten Island,8.164091491802171
2025,9,10308,54,29996.0,Staten Island,1.8002400320042673
2025,9,10309,68,,Staten Island,
2025,9,10310,95,25824.0,Staten Island,3.6787484510532837
2025,9,10312,86,63345.0,Staten Island,1.3576446444076091
2025,9,10314,282,93539.0,Staten Island,3.0147852767294925
2025,9,11201,859,69251.0,Brooklyn,12.404153008620813
2025,9,11203,495,76853.0,Brooklyn,6.440867630411305
2025,9,11204,213,81368.0,Brooklyn,2.617736702389146
2025,9,11205,312,50205.0,Brooklyn,6.214520466089035
2025,9,11206,919,89231.0,Brooklyn,10.299111295401822
2025,9,11207,821,93445.0,Brooklyn,8.785916849483653
2025,9,11208,633,106901.0,Brooklyn,5.921366497974762
2025,9,11209,301,70756.0,Brooklyn,4.254056193114365
2025,9,11210,349,60398.0,Brooklyn,5.778337031027517
2025,9,11211,1026,65691.0,Brooklyn,15.618577887381832
2025,9,11212,826,87946.0,Brooklyn,9.392126987014759
2025,9,11213,662,69630.0,Brooklyn,9.507396237254058
2025,9,11214,743,88994.0,Brooklyn,8.348877452412522
2025,9,11215,352,70922.0,Brooklyn,4.963199007360198
2025,9,11216,715,59913.0,Brooklyn,11.933970924507202
2025,9,11217,488,42569.0,Brooklyn,11.463741220136718
2025,9,11218,323,71313.0,Brooklyn,4.529328453437662
2025,9,11219,197,94737.0,Brooklyn,2.07944097870948
2025,9,11220,501,90792.0,Brooklyn,5.5181073222310335
2025,9,11221,903,90750.0,Brooklyn,9.950413223140496
2025,9,11222,421,41418.0,Brooklyn,10.164662707035587
2025,9,11223,356,78566.0,Brooklyn,4.531222157167223
2025,9,11224,309,48469.0,Brooklyn,6.375208896408013
2025,9,11225,728,56544.0,Brooklyn,12.874929258630447
2025,9,11226,1129,100022.0,Brooklyn,11.287516746315811
2025,9,11228,56,42325.0,Brooklyn,1.3230950974601299
2025,9,11229,352,79802.0,Brooklyn,4.410917019623569
2025,9,11230,245,88252.0,Brooklyn,2.7761410506277477
2025,9,11231,334,39704.0,Brooklyn,8.41225065484586
2025,9,11232,294,26681.0,Brooklyn,11.019077245980284
2025,9,11233,796,82711.0,Brooklyn,9.62387106914437
2025,9,11234,396,87778.0,Brooklyn,4.51138098384561
2025,9,11235,350,81958.0,Brooklyn,4.27048000195222
2025,9,11236,445,95174.0,Brooklyn,4.675646710235989
2025,9,11237,938,45233.0,Brooklyn,20.737072491322706
2025,9,11238,1027,58462.0,Brooklyn,17.56696657657966
2025,9,11239,112,16047.0,Brooklyn,6.979497725431545
2025,9,11241,1,,Brooklyn,
2025,9,11249,415,45353.0,Brooklyn,9.150442087623752
2025,10,10301,244,39799.0,Staten Island,6.130807306716249
2025,10,10302,81,19693.0,Staten Island,4.1131366475397355
2025,10,10303,84,25993.0,Staten Island,3.231639287500481
2025,10,10304,157,45843.0,Staten Island,3.4247322382915604
2025,10,10305,103,41714.0,Staten Island,2.469194994486264
2025,10,10306,214,57249.0,Staten Island,3.7380565599399116
2025,10,10307,116,14821.0,Staten Island,7.826732339248363
2025,10,10308,61,29996.0,Staten Island,2.033604480597413
2025,10,10309,73,,Staten Island,
2025,10,10310,74,25824.0,Staten Island,2.865551425030979
2025,10,10312,116,63345.0,Staten Island,1.8312416133870075
2025,10,10314,205,93539.0,Staten Island,2.1915992259912978
2025,10,11201,803,69251.0,Brooklyn,11.595500425986629
2025,10,11203,419,76853.0,Brooklyn,5.451966741701691
2025,10,11204,190,81368.0,Brooklyn,2.3350702979058107
2025,10,11205,274,50205.0,Brooklyn,5.457623742655113
2025,10,11206,849,89231.0,Brooklyn,9.514630565610606
2025,10,11207,591,93445.0,Brooklyn,6.324575953769597
2025,10,11208,608,106901.0,Brooklyn,5.687505261877812
2025,10,11209,336,70756.0,Brooklyn,4.748713889988128
2025,10,11210,340,60398.0,Brooklyn,5.629325474353455
2025,10,11211,837,65691.0,Brooklyn,12.741471434443074
2025,10,11212,721,87946.0,Brooklyn,8.198212539512882
2025,10,11213,448,69630.0,Brooklyn,6.434008329742928
2025,10,11214,862,88994.0,Brooklyn,9.68604625030901
2025,10,11215,392,70922.0,Brooklyn,5.527198894560221
2025,10,11216,556,59913.0,Brooklyn,9.280122844791615
2025,10,11217,410,42569.0,Brooklyn,9.63142192675421
2025,10,11218,285,71313.0,Brooklyn,3.996466282444996
2025,10,11219,252,94737.0,Brooklyn,2.6599955666740556
2025,10,11220,464,90792.0,Brooklyn,5.1105824301700595
2025,10,11221,719,90750.0,Brooklyn,7.922865013774104
2025,10,11222,431,41418.0,Brooklyn,10.40610362644261
2025,10,11223,403,78566.0,Brooklyn,5.129445307130311
2025,10,11224,256,48469.0,Brooklyn,5.28172646433803
2025,10,11225,679,56544.0,Brooklyn,12.008347481607245
2025,10,11226,990,100022.0,Brooklyn,9.897822479054607
2025,10,11228,132,42325.0,Brooklyn,3.118724158298878
2025,10,11229,514,79802.0,Brooklyn,6.440941329791233
2025,10,11230,385,88252.0,Brooklyn,4.362507365272175
2025,10,11231,283,39704.0,Brooklyn,7.127745315333467
2025,10,11232,272,26681.0,Brooklyn,10.194520445260672
2025,10,11233,650,82711.0,Brooklyn,7.858688687115378
2025,10,11234,284,87778.0,Brooklyn,3.2354348470003873
2025,10,11235,369,81958.0,Brooklyn,4.502306059201054
2025,10,11236,300,95174.0,Brooklyn,3.1521213776871835
2025,10,11237,851,45233.0,Brooklyn,18.81369796387593
2025,10,11238,665,58462.0,Brooklyn,11.374910198077384
2025,10,11239,103,16047.0,Brooklyn,6.418645229637939
2025,10,11249,385,45353.0,Brooklyn,8.488964346349746
2025,11,10301,112,39799.0,Staten Island,2.8141410588205735
2025,11,10302,31,19693.0,Staten Island,1.5741634083176763
2025,11,10303,37,25993.0,Staten Island,1.4234601623514023
2025,11,10304,85,45843.0,Staten Island,1.8541543965272778
2025,11,10305,49,41714.0,Staten Island,1.1746655799012322
2025,11,10306,81,57249.0,Staten Island,1.414871875491275
2025,11,10307,34,14821.0,Staten Island,2.2940422373658995
2025,11,10308,12,29996.0,Staten Island,0.4000533404453927
2025,11,10309,31,,Staten Island,
2025,11,10310,24,25824.0,Staten Island,0.929368029739777
2025,11,10312,39,63345.0,Staten Island,0.615676059673218
2025,11,10314,68,93539.0,Staten Island,0.726969499353211
2025,11,11201,315,69251.0,Brooklyn,4.548670777317295
2025,11,11203,156,76853.0,Brooklyn,2.029849192614472
2025,11,11204,71,81368.0,Brooklyn,0.8725789007963819
2025,11,11205,119,50205.0,Brooklyn,2.370281844437805
2025,11,11206,360,89231.0,Brooklyn,4.03447232464054
2025,11,11207,231,93445.0,Brooklyn,2.472042377869335
2025,11,11208,206,106901.0,Brooklyn,1.927016585438864
2025,11,11209,101,70756.0,Brooklyn,1.4274407824071458
2025,11,11210,130,60398.0,Brooklyn,2.152389151958674
2025,11,11211,356,65691.0,Brooklyn,5.41931162564126
2025,11,11212,262,87946.0,Brooklyn,2.9791008118618243
2025,11,11213,201,69630.0,Brooklyn,2.886686772942697
2025,11,11214,169,88994.0,Brooklyn,1.8990044272647595
2025,11,11215,122,70922.0,Brooklyn,1.7201996559600687
2025,11,11216,247,59913.0,Brooklyn,4.122644501193397
2025,11,11217,216,42569.0,Brooklyn,5.074114966290023
2025,11,11218,115,71313.0,Brooklyn,1.6126092016883318
2025,11,11219,74,94737.0,Brooklyn,0.781109809261429
2025,11,11220,171,90792.0,Brooklyn,1.8834258524980174
2025,11,11221,304,90750.0,Brooklyn,3.3498622589531677
2025,11,11222,155,41418.0,Brooklyn,3.742334250808827
2025,11,11223,167,78566.0,Brooklyn,2.125601405187995
2025,11,11224,86,48469.0,Brooklyn,1.7743299841135571
2025,11,11225,284,56544.0,Brooklyn,5.022637238256932
2025,11,11226,364,100022.0,Brooklyn,3.63919937613725
2025,11,11228,37,42325.0,Brooklyn,0.874187832250443
2025,11,11229,168,79802.0,Brooklyn,2.10521039572943
2025,11,11230,172,88252.0,Brooklyn,1.9489643294202965
2025,11,11231,130,39704.0,Brooklyn,3.2742292967962925
2025,11,11232,101,26681.0,Brooklyn,3.7854653123945883
2025,11,11233,558,82711.0,Brooklyn,6.746381980631355
2025,11,11234,121,87778.0,Brooklyn,1.3784775228417143
2025,11,11235,133,81958.0,Brooklyn,1.6227824007418434
2025,11,11236,111,95174.0,Brooklyn,1.1662849097442578
2025,11,11237,433,45233.0,Brooklyn,9.572657130855792
2025,11,11238,371,58462.0,Brooklyn,6.346002531558962
2025,11,11239,40,16047.0,Brooklyn,2.4926777590826945
2025,11,11249,164,45353.0,Brooklyn,3.616078318964567
